INSERT INTO "auth"."users" ("instance_id", "id", "aud", "role", "email", "encrypted_password", "email_confirmed_at", "invited_at", "confirmation_token", "confirmation_sent_at", "recovery_token", "recovery_sent_at", "email_change_token_new", "email_change", "email_change_sent_at", "last_sign_in_at", "raw_app_meta_data", "raw_user_meta_data", "is_super_admin", "created_at", "updated_at", "phone", "phone_confirmed_at", "phone_change", "phone_change_token", "phone_change_sent_at", "email_change_token_current", "email_change_confirm_status", "banned_until", "reauthentication_token", "reauthentication_sent_at", "is_sso_user", "deleted_at") VALUES
	('00000000-0000-0000-0000-000000000000', '04b9a09f-dad2-4013-a28b-b2771c5bba03', 'authenticated', 'authenticated', 'test01@gmail.com', '$2a$06$CWQADah1rrOTkNkRRoYP..A35IAkmarU5pBIll6/r.ianGwfSzhgm', '2023-04-15 00:12:42.703876+00', NULL, '', NULL, '', '2023-08-04 16:46:13.670774+00', '', '', NULL, '2023-08-20 23:51:10.438803+00', '{"provider": "email", "providers": ["email"]}', '{"name": "Lawrence Doe", "role": "ADMIN"}', NULL, '2023-04-15 00:12:42.691845+00', '2023-08-20 23:51:10.440921+00', NULL, NULL, '', '', NULL, '', 0, NULL, '', NULL, false, NULL),
	('00000000-0000-0000-0000-000000000000', '16527c8c-b64d-4840-9775-591b5bfc4340', 'authenticated', 'authenticated', 'test02@gmail.com', '$2a$06$CWQADah1rrOTkNkRRoYP..A35IAkmarU5pBIll6/r.ianGwfSzhgm', '2023-06-30 17:32:15.536073+00', NULL, '', NULL, '', '2023-08-04 16:33:06.502165+00', '', '', NULL, '2023-07-21 16:08:35.522605+00', '{"provider": "email", "providers": ["email"]}', '{"name": "Karen Doe", "role": "USER"}', NULL, '2023-06-30 17:32:15.514245+00', '2023-08-04 16:33:43.010564+00', NULL, NULL, '', '', NULL, '', 0, NULL, '', NULL, false, NULL),
	('00000000-0000-0000-0000-000000000000', '1a8e9540-08a4-4892-89ce-f91d571a7096', 'authenticated', 'authenticated', 'test03@gmail.com', '$2a$06$CWQADah1rrOTkNkRRoYP..A35IAkmarU5pBIll6/r.ianGwfSzhgm', '2023-06-09 16:01:46.276481+00', '2023-06-09 16:00:37.92609+00', '', '2023-06-09 16:00:37.92609+00', '', '2023-06-09 16:01:27.370879+00', '', '', NULL, '2023-06-09 16:09:53.141681+00', '{"provider": "email", "providers": ["email"]}', '{"name": "Lucas Doe", "role": "USER"}', NULL, '2023-06-09 16:00:37.908672+00', '2023-06-09 16:09:53.148589+00', NULL, NULL, '', '', NULL, '', 0, NULL, '', NULL, false, NULL),
	('00000000-0000-0000-0000-000000000000', '22a814b3-c65d-4172-b32d-baf51c6eb3b1', 'authenticated', 'authenticated', 'test04@gmail.com', '$2a$06$CWQADah1rrOTkNkRRoYP..A35IAkmarU5pBIll6/r.ianGwfSzhgm', '2023-05-25 17:04:09.582162+00', '2023-05-25 16:35:57.46649+00', '', '2023-05-25 16:35:57.46649+00', '', '2023-05-25 17:08:16.674484+00', '', '', NULL, '2023-08-03 17:57:19.061304+00', '{"provider": "email", "providers": ["email"]}', '{"name": "Cameron Doe", "role": "USER"}', NULL, '2023-05-25 16:35:57.439003+00', '2023-08-19 18:30:26.073487+00', NULL, NULL, '', '', NULL, '', 0, NULL, '', NULL, false, NULL),
	('00000000-0000-0000-0000-000000000000', '345cb497-d01d-432c-b8ef-40b70af14dbd', 'authenticated', 'authenticated', 'test05@gmail.com', '$2a$06$CWQADah1rrOTkNkRRoYP..A35IAkmarU5pBIll6/r.ianGwfSzhgm', '2023-05-01 16:23:45.021454+00', '2023-05-01 16:19:44.421497+00', '', '2023-05-01 16:19:44.421497+00', 'd5ec3d23bc9471d3a0290fb5cefeb1d41de150664e0866fd756162da', '2023-07-26 17:20:12.415917+00', '', '', NULL, '2023-07-26 16:53:49.543081+00', '{"provider": "email", "providers": ["email"]}', '{"name": "David Doe", "role": "USER"}', NULL, '2023-05-01 16:19:44.368718+00', '2023-07-26 17:20:13.689955+00', NULL, NULL, '', '', NULL, '', 0, NULL, '', NULL, false, NULL),
	('00000000-0000-0000-0000-000000000000', '4298361c-e738-4d0a-ac0f-f0993751ce0b', 'authenticated', 'authenticated', 'test06@gmail.com', '$2a$06$CWQADah1rrOTkNkRRoYP..A35IAkmarU5pBIll6/r.ianGwfSzhgm', '2023-06-06 18:17:28.976769+00', '2023-06-06 18:13:32.720415+00', '', '2023-06-06 18:13:32.720415+00', '', NULL, '', '', NULL, '2023-08-18 16:24:14.027318+00', '{"provider": "email", "providers": ["email"]}', '{"name": "Susan Doe", "role": "USER"}', NULL, '2023-06-06 18:13:32.666438+00', '2023-08-18 16:24:14.029458+00', NULL, NULL, '', '', NULL, '', 0, NULL, '', NULL, false, NULL),
	('00000000-0000-0000-0000-000000000000', '4d562e24-fef9-4535-b16d-50d4451f8ed4', 'authenticated', 'authenticated', 'test07@gmail.com', '$2a$06$CWQADah1rrOTkNkRRoYP..A35IAkmarU5pBIll6/r.ianGwfSzhgm', '2023-03-02 02:42:17.140804+00', NULL, '', NULL, '75a83f7cfaebb85377979b583586f60cf68c4ddf575b7780a57366cc', '2023-05-21 03:41:00.518081+00', '', '', NULL, '2023-08-18 17:31:38.665939+00', '{"provider": "email", "providers": ["email"]}', '{"name": "Chiro Doe", "role": "USER"}', NULL, '2023-03-02 02:42:17.133922+00', '2023-08-18 17:31:38.670021+00', NULL, NULL, '', '', NULL, '', 0, NULL, '', NULL, false, NULL),
	('00000000-0000-0000-0000-000000000000', '520e17a1-c38e-4b93-a0ad-154d23fc85e6', 'authenticated', 'authenticated', 'test08@gmail.com', '$2a$06$CWQADah1rrOTkNkRRoYP..A35IAkmarU5pBIll6/r.ianGwfSzhgm', '2023-03-02 02:42:32.104398+00', NULL, '', NULL, '', '2023-06-20 19:26:58.957386+00', '', '', NULL, '2023-08-15 16:56:12.371991+00', '{"provider": "email", "providers": ["email"]}', '{"name": "Jean Doe", "role": "USER"}', NULL, '2023-03-02 02:42:32.098789+00', '2023-08-15 16:56:12.416405+00', NULL, NULL, '', '', NULL, '', 0, NULL, '', NULL, false, NULL),
	('00000000-0000-0000-0000-000000000000', '8d18fc14-2a51-44cc-8273-2e5ecb0718e7', 'authenticated', 'authenticated', 'test09@gmail.com', '$2a$06$CWQADah1rrOTkNkRRoYP..A35IAkmarU5pBIll6/r.ianGwfSzhgm', '2023-03-02 02:44:19.496432+00', NULL, '', NULL, '', NULL, '', '', NULL, '2023-08-18 18:13:58.037629+00', '{"provider": "email", "providers": ["email"]}', '{"name": "Chiro Doe", "role": "USER"}', NULL, '2023-03-02 02:44:19.48936+00', '2023-08-18 18:13:58.04083+00', NULL, NULL, '', '', NULL, '', 0, NULL, '', NULL, false, NULL),
	('00000000-0000-0000-0000-000000000000', '97945679-28a3-41a9-85b7-df92e9ffd3de', 'authenticated', 'authenticated', 'test10@gmail.com', '$2a$06$CWQADah1rrOTkNkRRoYP..A35IAkmarU5pBIll6/r.ianGwfSzhgm', '2023-04-17 16:37:18.778153+00', NULL, '', NULL, '', NULL, '', '', NULL, '2023-08-20 00:08:20.45922+00', '{"provider": "email", "providers": ["email"]}', '{"name": "Roger Doe", "role": "USER"}', NULL, '2023-04-17 16:37:18.754278+00', '2023-08-20 00:08:20.464332+00', NULL, NULL, '', '', NULL, '', 0, NULL, '', NULL, false, NULL),
	('00000000-0000-0000-0000-000000000000', '99933617-6231-4229-9763-90ab7178ce02', 'authenticated', 'authenticated', 'test11@gmail.com', '$2a$06$CWQADah1rrOTkNkRRoYP..A35IAkmarU5pBIll6/r.ianGwfSzhgm', '2023-05-11 15:37:16.5217+00', '2023-05-11 15:35:52.425258+00', '', '2023-05-11 15:35:52.425258+00', '7774ae326b8ce7b0b45ac5081ff4e332b46bd92191e4bf5a0a97eb91', '2023-05-25 00:08:11.96229+00', '', '', NULL, '2023-08-18 16:32:52.352315+00', '{"provider": "email", "providers": ["email"]}', '{"name": "Amy Doe", "role": "USER"}', NULL, '2023-05-11 15:35:52.334099+00', '2023-08-18 16:32:52.357664+00', NULL, NULL, '', '', NULL, '', 0, NULL, '', NULL, false, NULL),
	('00000000-0000-0000-0000-000000000000', 'cb2e3716-94f8-4de6-b74d-dd7134a86e63', 'authenticated', 'authenticated', 'test12@gmail.com', '$2a$06$CWQADah1rrOTkNkRRoYP..A35IAkmarU5pBIll6/r.ianGwfSzhgm', '2023-06-02 16:55:24.930106+00', '2023-06-02 16:06:36.364581+00', '', '2023-06-02 16:06:36.364581+00', '', '2023-06-29 22:23:38.965168+00', '', '', NULL, '2023-08-04 16:13:02.020089+00', '{"provider": "email", "providers": ["email"]}', '{"name": "Anthony Doe", "role": "USER"}', NULL, '2023-06-02 16:06:36.260945+00', '2023-08-04 16:13:02.024925+00', NULL, NULL, '', '', NULL, '', 0, NULL, '', NULL, false, NULL),
	('00000000-0000-0000-0000-000000000000', 'd4ef085b-9bfb-481d-8c34-f99cf1567bc1', 'authenticated', 'authenticated', 'test13@gmail.com', '$2a$06$CWQADah1rrOTkNkRRoYP..A35IAkmarU5pBIll6/r.ianGwfSzhgm', '2023-03-05 00:48:06.973098+00', NULL, '', NULL, '', '2023-06-30 15:09:00.919675+00', '', '', NULL, '2023-06-30 15:12:17.096447+00', '{"provider": "email", "providers": ["email"]}', '{"name": "Nicolas Doe", "role": "USER"}', NULL, '2023-03-05 00:48:06.96222+00', '2023-06-30 15:12:17.102278+00', NULL, NULL, '', '', NULL, '', 0, NULL, '', NULL, false, NULL),
	('00000000-0000-0000-0000-000000000000', 'e6c9e220-272e-4768-b1ea-81f9bfcda284', 'authenticated', 'authenticated', 'test14@gmail.com', '$2a$06$CWQADah1rrOTkNkRRoYP..A35IAkmarU5pBIll6/r.ianGwfSzhgm', '2023-06-08 20:17:33.440025+00', '2023-06-08 20:14:40.432142+00', '', '2023-06-08 20:14:40.432142+00', '0f63ecff579db22e423a24f3d40c6674936ece38219e86c10547dd07', '2023-06-08 20:17:31.941994+00', '', '', NULL, '2023-06-08 20:24:57.402208+00', '{"provider": "email", "providers": ["email"]}', '{"name": "Joseph Doe", "role": "USER"}', NULL, '2023-06-08 20:14:40.410228+00', '2023-06-08 20:24:57.40793+00', NULL, NULL, '', '', NULL, '', 0, NULL, '', NULL, false, NULL),
	('00000000-0000-0000-0000-000000000000', 'fb4277da-8ecd-4e58-a2fc-527dfce124bd', 'authenticated', 'authenticated', 'test15@gmail.com', '$2a$06$CWQADah1rrOTkNkRRoYP..A35IAkmarU5pBIll6/r.ianGwfSzhgm', '2023-06-08 21:24:06.979194+00', '2023-06-08 21:15:13.143663+00', '', '2023-06-08 21:15:13.143663+00', '', '2023-06-08 22:08:38.380679+00', '', '', NULL, '2023-08-11 15:33:39.588096+00', '{"provider": "email", "providers": ["email"]}', '{"name": "Ken Doe", "role": "USER"}', NULL, '2023-06-08 21:15:13.125278+00', '2023-08-15 17:18:45.861752+00', NULL, NULL, '', '', NULL, '', 0, NULL, '', NULL, false, NULL);


--
-- Data for Name: users; Type: TABLE DATA; Schema: public; Owner: postgres
--

INSERT INTO "public"."users" ("id", "name", "role", "email", "created_at", "updated_at") VALUES
	('04b9a09f-dad2-4013-a28b-b2771c5bba03', 'Lawrence Doe', 'ADMIN', 'test01@gmail.com', '2023-04-15 00:12:42.691845+00', '2023-07-15 23:11:45.461046+00'),
	('16527c8c-b64d-4840-9775-591b5bfc4340', 'Karen Doe', 'USER', 'test02@gmail.com', '2023-06-30 17:32:15.514245+00', '2023-07-15 23:11:45.461046+00'),
	('1a8e9540-08a4-4892-89ce-f91d571a7096', 'Lucas Doe', 'USER', 'test03@gmail.com', '2023-06-09 16:00:37.908672+00', '2023-07-15 23:11:45.461046+00'),
	('22a814b3-c65d-4172-b32d-baf51c6eb3b1', 'Cameron Doe', 'USER', 'test04@gmail.com', '2023-05-25 16:35:57.439003+00', '2023-07-15 23:11:45.461046+00'),
	('345cb497-d01d-432c-b8ef-40b70af14dbd', 'David Doe', 'USER', 'test05@gmail.com', '2023-05-01 16:19:44.368718+00', '2023-07-15 23:11:45.461046+00'),
	('4298361c-e738-4d0a-ac0f-f0993751ce0b', 'Susan Doe', 'USER', 'test06@gmail.com', '2023-06-06 18:13:32.666438+00', '2023-07-15 23:11:45.461046+00'),
	('4d562e24-fef9-4535-b16d-50d4451f8ed4', 'Adam Doe', 'USER', 'test07@gmail.com', '2023-03-02 02:42:17.133922+00', '2023-07-15 23:11:45.461046+00'),
	('520e17a1-c38e-4b93-a0ad-154d23fc85e6', 'Jean Doe', 'USER', 'test08@gmail.com', '2023-03-02 02:42:32.098789+00', '2023-07-15 23:11:45.461046+00'),
	('8d18fc14-2a51-44cc-8273-2e5ecb0718e7', 'Chiro Doe', 'ADMIN', 'test09@gmail.com', '2023-03-02 02:44:19.48936+00', '2023-07-15 23:11:45.461046+00'),
	('97945679-28a3-41a9-85b7-df92e9ffd3de', 'Roger Doe', 'USER', 'test10@gmail.com', '2023-04-17 16:37:18.754278+00', '2023-07-15 23:11:45.461046+00'),
	('99933617-6231-4229-9763-90ab7178ce02', 'Amy Doe', 'USER', 'test11@gmail.com', '2023-05-11 15:35:52.334099+00', '2023-07-15 23:11:45.461046+00'),
	('cb2e3716-94f8-4de6-b74d-dd7134a86e63', 'Anthony Doe', 'USER', 'test12@gmail.com', '2023-06-02 16:06:36.260945+00', '2023-07-15 23:11:45.461046+00'),
	('d4ef085b-9bfb-481d-8c34-f99cf1567bc1', 'Nicolas Doe', 'USER', 'test13@gmail.com', '2023-03-05 00:48:06.96222+00', '2023-07-15 23:11:45.461046+00'),
	('e6c9e220-272e-4768-b1ea-81f9bfcda284', 'Joseph Doe', 'USER', 'test14@gmail.com', '2023-06-08 20:14:40.410228+00', '2023-07-15 23:11:45.461046+00'),
	('fb4277da-8ecd-4e58-a2fc-527dfce124bd', 'Ken Doe', 'USER', 'test15@gmail.com', '2023-06-08 21:15:13.125278+00', '2023-07-15 23:11:45.461046+00');


--
-- Data for Name: creative_cash_flow; Type: TABLE DATA; Schema: public; Owner: postgres
--

INSERT INTO "public"."creative_cash_flow" ("id", "user_id") VALUES
	('1c7be7b6-2f26-4231-98e2-845b28796a07', '345cb497-d01d-432c-b8ef-40b70af14dbd'),
	('e576df5e-6231-4a4c-b129-6a328a850f17', '97945679-28a3-41a9-85b7-df92e9ffd3de'),
	('63964df1-729a-4d73-a0d9-c814d68d89e9', '97945679-28a3-41a9-85b7-df92e9ffd3de'),
	('0e396d7f-a4e5-4c51-8a0b-4a87e0e8d8a1', '97945679-28a3-41a9-85b7-df92e9ffd3de'),
	('16d7aaea-3f26-4f17-b3e8-036595c9f3b1', '4d562e24-fef9-4535-b16d-50d4451f8ed4'),
	('5fb7dda2-df1c-44e1-9980-75b6c6110e9a', '97945679-28a3-41a9-85b7-df92e9ffd3de'),
	('bcbd6343-4fb9-4032-a06c-6a46b15e9b39', '520e17a1-c38e-4b93-a0ad-154d23fc85e6'),
	('f6997f67-b08f-4c7e-83fd-b45e8ac143f3', '4d562e24-fef9-4535-b16d-50d4451f8ed4'),
	('421c1eb6-619c-4f5e-9c3e-2027399bf6ee', '22a814b3-c65d-4172-b32d-baf51c6eb3b1'),
	('f2027310-0437-4ab0-bf4b-d60ad7a6b4d8', '97945679-28a3-41a9-85b7-df92e9ffd3de'),
	('a2065cfa-d87f-4ba4-bf30-d44f7e59c55b', '97945679-28a3-41a9-85b7-df92e9ffd3de'),
	('5bc31657-b90f-462c-b0cf-96957907cb60', '97945679-28a3-41a9-85b7-df92e9ffd3de'),
	('2ab85fc9-2333-447a-bb5c-c9aa857bfa38', '4d562e24-fef9-4535-b16d-50d4451f8ed4'),
	('68c5cb35-718f-4b34-bdae-7d6b407533e4', '99933617-6231-4229-9763-90ab7178ce02'),
	('18c69a55-647d-456f-b8f2-bbae3736e0fe', '4d562e24-fef9-4535-b16d-50d4451f8ed4'),
	('90b2400d-98ac-4f0e-98f0-4f6b9ee9290b', '4d562e24-fef9-4535-b16d-50d4451f8ed4'),
	('6c095a0f-9d82-4d3a-bd66-36bfa5a644c8', '1a8e9540-08a4-4892-89ce-f91d571a7096'),
	('a37ee5ea-39b9-49c7-9f9b-02361e5b1e42', '22a814b3-c65d-4172-b32d-baf51c6eb3b1'),
	('96e23b7e-3379-48ad-a5ee-503b6a57a0fa', '4d562e24-fef9-4535-b16d-50d4451f8ed4'),
	('4324f008-6796-4f0e-a700-67c58747c1b5', '4d562e24-fef9-4535-b16d-50d4451f8ed4'),
	('7402fc0a-0c8f-4c1e-931f-2b9d9ee51fcd', '4d562e24-fef9-4535-b16d-50d4451f8ed4'),
	('867b30ec-b36a-4a32-a143-7f8e00b0e8e1', 'cb2e3716-94f8-4de6-b74d-dd7134a86e63'),
	('4cda643b-052c-41d0-b4d1-91bb72880d1b', '4d562e24-fef9-4535-b16d-50d4451f8ed4'),
	('8a2ab9a3-bbfe-4867-829c-d5e725b8e0c7', '4d562e24-fef9-4535-b16d-50d4451f8ed4'),
	('9cd54c8e-262f-4095-9f0b-8010a9d2732b', '99933617-6231-4229-9763-90ab7178ce02'),
	('af830280-26f9-48e7-9018-7460df1abf86', '99933617-6231-4229-9763-90ab7178ce02'),
	('8ff5ebd4-d8a5-45c3-9732-6eb81a8347ee', '4d562e24-fef9-4535-b16d-50d4451f8ed4'),
	('0e6076d6-8dc0-4b16-95c5-971b9b44e9be', '520e17a1-c38e-4b93-a0ad-154d23fc85e6'),
	('09b43744-8e9c-4c4c-bc90-836d67f81c81', '520e17a1-c38e-4b93-a0ad-154d23fc85e6'),
	('3140df05-491b-45dd-b68c-09b39f5125b6', '99933617-6231-4229-9763-90ab7178ce02'),
	('fa7f9dff-5f76-414f-b514-cd43ae01e25d', '99933617-6231-4229-9763-90ab7178ce02'),
	('6e9381b4-004b-43a8-b6a4-54d92bd63383', '99933617-6231-4229-9763-90ab7178ce02'),
	('3986b476-4e3b-4c7c-9487-e4e59fb9bd24', '4d562e24-fef9-4535-b16d-50d4451f8ed4'),
	('98a27f1a-7929-480d-b7e2-af2a1025f326', 'fb4277da-8ecd-4e58-a2fc-527dfce124bd'),
	('5d163ce0-126f-4fc4-8693-5bf7506b6452', 'cb2e3716-94f8-4de6-b74d-dd7134a86e63'),
	('fb105a43-5ffd-4792-89c9-156de97568aa', '97945679-28a3-41a9-85b7-df92e9ffd3de'),
	('15107515-5a64-41cf-9614-731d4e94b951', 'fb4277da-8ecd-4e58-a2fc-527dfce124bd'),
	('7abb5f1c-b4db-4063-9dca-f5c66c09d49f', '520e17a1-c38e-4b93-a0ad-154d23fc85e6'),
	('e26dfca5-6797-4bda-96a7-2277a2f6e97d', '97945679-28a3-41a9-85b7-df92e9ffd3de'),
	('f0b1301a-2079-44f4-82d1-a515de6ce6a4', '345cb497-d01d-432c-b8ef-40b70af14dbd'),
	('a404fc7b-16af-4f37-9dbc-e1adea3c9b78', '97945679-28a3-41a9-85b7-df92e9ffd3de'),
	('1b9b303a-4218-4989-af50-fe9ed33fa322', '99933617-6231-4229-9763-90ab7178ce02'),
	('250d33e7-3cff-4ffb-8f40-e6482d49a8df', '99933617-6231-4229-9763-90ab7178ce02'),
	('205f89c4-364a-4ce5-af2e-0d5da96d00d3', '4298361c-e738-4d0a-ac0f-f0993751ce0b'),
	('c9c09cce-66ea-497b-b22b-6aefa92e81d0', 'fb4277da-8ecd-4e58-a2fc-527dfce124bd'),
	('ab4cd8d9-9071-402c-a8bf-ddc35854001e', '99933617-6231-4229-9763-90ab7178ce02'),
	('85ab5ce7-d44d-4355-a33c-e66e7c638da5', '99933617-6231-4229-9763-90ab7178ce02'),
	('6b2e0382-101d-4fb2-a938-30e9d0d63487', '99933617-6231-4229-9763-90ab7178ce02'),
	('e9358f2b-1356-48b2-987e-a44be7e3aa70', '4298361c-e738-4d0a-ac0f-f0993751ce0b'),
	('f3d2d559-e606-48dc-b747-2e0cf9ab1ce8', '99933617-6231-4229-9763-90ab7178ce02');


--
-- Data for Name: creative_cash_flow_inputs; Type: TABLE DATA; Schema: public; Owner: postgres
--

INSERT INTO "public"."creative_cash_flow_inputs" ("id", "user_id", "created_at", "start_date", "end_date", "all_other_income", "payroll_and_distributions", "lifestyle_expenses_tax_rate", "tax_account_rate", "optimal_savings_strategy") VALUES
	('1c7be7b6-2f26-4231-98e2-845b28796a07', '345cb497-d01d-432c-b8ef-40b70af14dbd', '2023-05-01 10:31:01+00', '2023-04-16 00:00:00+00', '2023-04-23 00:00:00+00', 0, 5576, 25, 30, 0),
	('e576df5e-6231-4a4c-b129-6a328a850f17', '97945679-28a3-41a9-85b7-df92e9ffd3de', '2023-05-01 14:26:29+00', '2023-04-10 00:00:00+00', '2023-04-16 00:00:00+00', 0, 0, 25, 30, 0),
	('63964df1-729a-4d73-a0d9-c814d68d89e9', '97945679-28a3-41a9-85b7-df92e9ffd3de', '2023-05-10 14:39:50+00', '2023-05-01 00:00:00+00', '2023-05-08 00:00:00+00', 0, 0, 22, 25, 0),
	('0e396d7f-a4e5-4c51-8a0b-4a87e0e8d8a1', '97945679-28a3-41a9-85b7-df92e9ffd3de', '2023-05-15 21:59:50+00', '2023-05-08 00:00:00+00', '2023-05-14 00:00:00+00', 0, 2170, 22, 25, 0),
	('16d7aaea-3f26-4f17-b3e8-036595c9f3b1', '4d562e24-fef9-4535-b16d-50d4451f8ed4', '2023-05-16 10:57:11+00', '2023-05-07 00:00:00+00', '2023-05-14 00:00:00+00', 0, 1534, 25, 30, 0),
	('5fb7dda2-df1c-44e1-9980-75b6c6110e9a', '97945679-28a3-41a9-85b7-df92e9ffd3de', '2023-05-16 14:24:42+00', '2023-05-07 00:00:00+00', '2023-05-14 00:00:00+00', 0, 2170, 22, 25, 0),
	('bcbd6343-4fb9-4032-a06c-6a46b15e9b39', '520e17a1-c38e-4b93-a0ad-154d23fc85e6', '2023-05-23 12:50:50+00', '2023-05-11 00:00:00+00', '2023-05-19 00:00:00+00', 0, 0, 22, 25, 0),
	('f6997f67-b08f-4c7e-83fd-b45e8ac143f3', '4d562e24-fef9-4535-b16d-50d4451f8ed4', '2023-05-24 08:01:41+00', '2023-05-14 00:00:00+00', '2023-05-21 00:00:00+00', 0, 3600, 25, 30, 0),
	('421c1eb6-619c-4f5e-9c3e-2027399bf6ee', '22a814b3-c65d-4172-b32d-baf51c6eb3b1', '2023-05-25 10:25:59+00', '2023-05-15 00:00:00+00', '2023-05-22 00:00:00+00', 0, 0, 20, 25, 0),
	('f2027310-0437-4ab0-bf4b-d60ad7a6b4d8', '97945679-28a3-41a9-85b7-df92e9ffd3de', '2023-04-28 13:55:33+00', '2023-04-17 00:00:00+00', '2023-04-23 00:00:00+00', 0, 0, 22, 25, 0),
	('a2065cfa-d87f-4ba4-bf30-d44f7e59c55b', '97945679-28a3-41a9-85b7-df92e9ffd3de', '2023-04-28 14:53:30+00', '2023-04-17 00:00:00+00', '2023-04-23 00:00:00+00', 0, 0, 23, 25, 0),
	('5bc31657-b90f-462c-b0cf-96957907cb60', '97945679-28a3-41a9-85b7-df92e9ffd3de', '2023-05-26 13:44:33+00', '2023-05-14 00:00:00+00', '2023-05-21 00:00:00+00', 0, 0, 22, 25, 0),
	('2ab85fc9-2333-447a-bb5c-c9aa857bfa38', '4d562e24-fef9-4535-b16d-50d4451f8ed4', '2023-05-31 08:02:55+00', '2023-05-21 00:00:00+00', '2023-05-28 00:00:00+00', 0, 0, 25, 30, 0),
	('68c5cb35-718f-4b34-bdae-7d6b407533e4', '99933617-6231-4229-9763-90ab7178ce02', '2023-06-01 08:50:54+00', '2023-05-12 00:00:00+00', '2023-05-26 00:00:00+00', 4389, 2386, 20, 20, 0),
	('18c69a55-647d-456f-b8f2-bbae3736e0fe', '4d562e24-fef9-4535-b16d-50d4451f8ed4', '2023-06-05 04:40:19+00', '2023-05-28 00:00:00+00', '2023-06-04 00:00:00+00', 0, 0, 25, 30, 0),
	('90b2400d-98ac-4f0e-98f0-4f6b9ee9290b', '4d562e24-fef9-4535-b16d-50d4451f8ed4', '2023-06-06 10:24:59+00', '2023-05-28 00:00:00+00', '2023-06-04 00:00:00+00', 0, 5644, 20, 22, 0),
	('6c095a0f-9d82-4d3a-bd66-36bfa5a644c8', '1a8e9540-08a4-4892-89ce-f91d571a7096', '2023-06-09 09:39:00+00', '2023-04-24 00:00:00+00', '2023-04-29 00:00:00+00', 0, 0, 25, 30, 0),
	('a37ee5ea-39b9-49c7-9f9b-02361e5b1e42', '22a814b3-c65d-4172-b32d-baf51c6eb3b1', '2023-06-15 10:32:02+00', '2023-05-29 00:00:00+00', '2023-06-12 00:00:00+00', 0, 11780, 25, 30, 0),
	('96e23b7e-3379-48ad-a5ee-503b6a57a0fa', '4d562e24-fef9-4535-b16d-50d4451f8ed4', '2023-06-16 05:50:10+00', '2023-06-04 00:00:00+00', '2023-06-11 00:00:00+00', 0, 0, 25, 30, 0),
	('4324f008-6796-4f0e-a700-67c58747c1b5', '4d562e24-fef9-4535-b16d-50d4451f8ed4', '2023-06-23 04:16:42+00', '2023-06-11 00:00:00+00', '2023-06-18 00:00:00+00', 0, 0, 25, 30, 0),
	('7402fc0a-0c8f-4c1e-931f-2b9d9ee51fcd', '4d562e24-fef9-4535-b16d-50d4451f8ed4', '2023-06-27 11:53:27+00', '2023-06-18 00:00:00+00', '2023-06-25 00:00:00+00', 0, 0, 25, 30, 0),
	('867b30ec-b36a-4a32-a143-7f8e00b0e8e1', 'cb2e3716-94f8-4de6-b74d-dd7134a86e63', '2023-06-30 10:11:36+00', '2023-06-18 00:00:00+00', '2023-06-25 00:00:00+00', 0, 0, 22, 25, 0),
	('4cda643b-052c-41d0-b4d1-91bb72880d1b', '4d562e24-fef9-4535-b16d-50d4451f8ed4', '2023-07-05 11:09:14+00', '2023-06-25 00:00:00+00', '2023-07-30 00:00:00+00', 0, 0, 25, 30, 0),
	('8a2ab9a3-bbfe-4867-829c-d5e725b8e0c7', '4d562e24-fef9-4535-b16d-50d4451f8ed4', '2023-07-05 11:15:07+00', '2023-06-25 00:00:00+00', '2023-07-30 00:00:00+00', 0, 0, 25, 30, 0),
	('9cd54c8e-262f-4095-9f0b-8010a9d2732b', '99933617-6231-4229-9763-90ab7178ce02', '2023-07-07 11:00:08+00', '2023-06-16 00:00:00+00', '2023-06-23 00:00:00+00', 0, 1600, 20, 20, 0),
	('af830280-26f9-48e7-9018-7460df1abf86', '99933617-6231-4229-9763-90ab7178ce02', '2023-07-07 11:10:54+00', '2023-06-23 00:00:00+00', '2023-06-30 00:00:00+00', 0, 786, 25, 30, 0),
	('8ff5ebd4-d8a5-45c3-9732-6eb81a8347ee', '4d562e24-fef9-4535-b16d-50d4451f8ed4', '2023-07-10 14:59:04+00', '2023-07-02 00:00:00+00', '2023-07-09 00:00:00+00', 0, 0, 25, 30, 0),
	('0e6076d6-8dc0-4b16-95c5-971b9b44e9be', '520e17a1-c38e-4b93-a0ad-154d23fc85e6', '2023-07-11 11:51:45+00', '2023-06-25 00:00:00+00', '2023-07-02 00:00:00+00', 0, 2000, 20, 22, 0),
	('09b43744-8e9c-4c4c-bc90-836d67f81c81', '520e17a1-c38e-4b93-a0ad-154d23fc85e6', '2023-07-18 16:15:00.869147+00', '2023-07-08 05:00:00+00', '2023-07-14 05:00:00+00', 0, 0, 25, 30, 0),
	('3140df05-491b-45dd-b68c-09b39f5125b6', '99933617-6231-4229-9763-90ab7178ce02', '2023-07-20 00:18:38.385003+00', '2023-07-01 05:00:00+00', '2023-07-07 05:00:00+00', 0, 0, 20, 20, 0),
	('fa7f9dff-5f76-414f-b514-cd43ae01e25d', '99933617-6231-4229-9763-90ab7178ce02', '2023-07-20 00:19:50.392271+00', '2023-07-01 05:00:00+00', '2023-07-07 05:00:00+00', 0, 1600, 20, 20, 0),
	('6e9381b4-004b-43a8-b6a4-54d92bd63383', '99933617-6231-4229-9763-90ab7178ce02', '2023-07-20 00:26:04.553642+00', '2023-07-08 05:00:00+00', '2023-07-14 05:00:00+00', 3365, 0, 20, 20, 0),
	('3986b476-4e3b-4c7c-9487-e4e59fb9bd24', '4d562e24-fef9-4535-b16d-50d4451f8ed4', '2023-07-20 17:59:41.769162+00', '2023-07-09 05:00:00+00', '2023-07-15 05:00:00+00', 3160, 1662, 20, 22, 0),
	('98a27f1a-7929-480d-b7e2-af2a1025f326', 'fb4277da-8ecd-4e58-a2fc-527dfce124bd', '2023-07-20 21:21:06.953193+00', '2023-07-09 05:00:00+00', '2023-07-15 05:00:00+00', 2613, 1157, 20, 20, 0),
	('5d163ce0-126f-4fc4-8693-5bf7506b6452', 'cb2e3716-94f8-4de6-b74d-dd7134a86e63', '2023-07-21 17:01:04.792636+00', '2023-07-10 04:00:00+00', '2023-07-14 04:00:00+00', 2808, 965, 22, 25, 0),
	('fb105a43-5ffd-4792-89c9-156de97568aa', '97945679-28a3-41a9-85b7-df92e9ffd3de', '2023-07-21 21:18:41.004133+00', '2023-07-09 06:00:00+00', '2023-07-15 06:00:00+00', 0, 0, 22, 25, 0),
	('15107515-5a64-41cf-9614-731d4e94b951', 'fb4277da-8ecd-4e58-a2fc-527dfce124bd', '2023-07-24 15:54:42.753643+00', '2023-07-16 05:00:00+00', '2023-07-22 05:00:00+00', 0, 0, 20, 20, 0),
	('7abb5f1c-b4db-4063-9dca-f5c66c09d49f', '520e17a1-c38e-4b93-a0ad-154d23fc85e6', '2023-07-25 18:05:20.106071+00', '2023-07-15 05:00:00+00', '2023-07-21 05:00:00+00', 132052, 0, 25, 30, 0),
	('e26dfca5-6797-4bda-96a7-2277a2f6e97d', '97945679-28a3-41a9-85b7-df92e9ffd3de', '2023-07-25 21:19:22.941454+00', '2023-07-17 05:00:00+00', '2023-07-23 05:00:00+00', 0, 2170, 22, 25, 0),
	('f0b1301a-2079-44f4-82d1-a515de6ce6a4', '345cb497-d01d-432c-b8ef-40b70af14dbd', '2023-07-26 17:20:17.660598+00', '2023-07-16 04:00:00+00', '2023-07-22 04:00:00+00', 1830, 0, 22, 25, 0),
	('a404fc7b-16af-4f37-9dbc-e1adea3c9b78', '97945679-28a3-41a9-85b7-df92e9ffd3de', '2023-08-01 06:14:43.388596+00', '2023-07-24 07:00:00+00', '2023-07-30 07:00:00+00', 0, 0, 22, 25, 0),
	('1b9b303a-4218-4989-af50-fe9ed33fa322', '99933617-6231-4229-9763-90ab7178ce02', '2023-08-01 13:51:22.63712+00', '2023-07-15 05:00:00+00', '2023-07-21 05:00:00+00', 0, 3500, 20, 20, 0),
	('250d33e7-3cff-4ffb-8f40-e6482d49a8df', '99933617-6231-4229-9763-90ab7178ce02', '2023-08-01 13:55:57.937439+00', '2023-07-22 05:00:00+00', '2023-07-28 05:00:00+00', 3363, 786, 20, 20, 0),
	('205f89c4-364a-4ce5-af2e-0d5da96d00d3', '4298361c-e738-4d0a-ac0f-f0993751ce0b', '2023-08-08 16:43:43.306446+00', '2023-07-01 05:00:00+00', '2023-07-31 05:00:00+00', 32, 8484, 25, 25, 0),
	('c9c09cce-66ea-497b-b22b-6aefa92e81d0', 'fb4277da-8ecd-4e58-a2fc-527dfce124bd', '2023-08-11 15:38:08.800793+00', '2023-07-30 05:00:00+00', '2023-08-05 05:00:00+00', 0, 0, 20, 20, 0),
	('ab4cd8d9-9071-402c-a8bf-ddc35854001e', '99933617-6231-4229-9763-90ab7178ce02', '2023-08-17 13:50:11.600575+00', '2023-07-29 05:00:00+00', '2023-08-04 05:00:00+00', 0, 0, 20, 20, 0),
	('85ab5ce7-d44d-4355-a33c-e66e7c638da5', '99933617-6231-4229-9763-90ab7178ce02', '2023-08-17 14:54:04.539867+00', '2023-08-04 05:00:00+00', '2023-08-11 05:00:00+00', 0, 1599, 20, 20, 0),
	('6b2e0382-101d-4fb2-a938-30e9d0d63487', '99933617-6231-4229-9763-90ab7178ce02', '2023-08-17 14:56:27.411986+00', '2023-07-29 05:00:00+00', '2023-08-04 05:00:00+00', 0, 0, 20, 20, 0),
	('e9358f2b-1356-48b2-987e-a44be7e3aa70', '4298361c-e738-4d0a-ac0f-f0993751ce0b', '2023-08-17 18:52:42.234409+00', '2023-08-06 05:00:00+00', '2023-08-12 05:00:00+00', 0, 2120, 25, 25, 0),
	('f3d2d559-e606-48dc-b747-2e0cf9ab1ce8', '99933617-6231-4229-9763-90ab7178ce02', '2023-08-21 20:03:58.402693+00', '2023-08-12 05:00:00+00', '2023-08-18 05:00:00+00', 1024, 3500, 20, 20, 0);


--
-- Data for Name: creative_cash_flow_notifiers; Type: TABLE DATA; Schema: public; Owner: postgres
--

INSERT INTO "public"."creative_cash_flow_notifiers" ("id", "name", "email", "enabled") VALUES
	(1, 'Lawrence Doe', 'test01@gmail.com', true);


--
-- Data for Name: creative_cash_flow_results; Type: TABLE DATA; Schema: public; Owner: postgres
--

INSERT INTO "public"."creative_cash_flow_results" ("id", "user_id", "collections", "lifestyle_expenses", "lifestyle_expenses_tax", "business_profit_before_tax", "business_overhead", "tax_account", "waa", "total_waa", "weekly_trend", "daily_trend", "yearly_trend", "year_to_date") VALUES
	('f2027310-0437-4ab0-bf4b-d60ad7a6b4d8', '97945679-28a3-41a9-85b7-df92e9ffd3de', 7753.84, 1469.88, 323.37, 3364.53, 2596.06, 841.13, 2523.39, 0.00, '{9892.52,12090.62,11926.58}', '{42396.51,103633.92,153341.76}', '{515824.21,630439.68,621886.03}', 192194.02),
	('a2065cfa-d87f-4ba4-bf30-d44f7e59c55b', '97945679-28a3-41a9-85b7-df92e9ffd3de', 7753.84, 1469.88, 338.07, 3349.83, 2596.06, 837.46, 2512.37, 0.00, '{9892.52,12090.62,11926.58}', '{42396.51,103633.92,153341.76}', '{515824.21,630439.68,621886.03}', 192194.02),
	('1c7be7b6-2f26-4231-98e2-845b28796a07', '345cb497-d01d-432c-b8ef-40b70af14dbd', 9404.15, 5016.67, 1254.17, 0.00, 17383.47, 0.00, 940.42, 0.00, '{4388.08,2194.31,1463.22}', '{18806.06,18808.38,18812.79}', '{228807.06,114417.65,76296.31}', 18812.79),
	('e576df5e-6231-4a4c-b129-6a328a850f17', '97945679-28a3-41a9-85b7-df92e9ffd3de', 10225.00, 644.98, 161.25, 0.00, 16707.63, 0.00, 1022.50, 0.00, '{8251.88,10806.43,11402.83}', '{35365.21,92626.52,146607.84}', '{430276.72,563478.00,594576.24}', 189468.02),
	('63964df1-729a-4d73-a0d9-c814d68d89e9', '97945679-28a3-41a9-85b7-df92e9ffd3de', 10747.10, 1870.17, 411.44, 6794.10, 1671.39, 1698.53, 5095.58, 0.00, '{9308.06,11285.61,11427.20}', '{39891.70,96733.81,146921.13}', '{485349.02,588464.01,595846.80}', 205745.01),
	('0e396d7f-a4e5-4c51-8a0b-4a87e0e8d8a1', '97945679-28a3-41a9-85b7-df92e9ffd3de', 11789.50, 705.22, 155.15, 7132.26, 3796.87, 1783.07, 5349.20, 0.00, '{9558.78,11649.70,11752.50}', '{40966.20,99854.58,151103.61}', '{498422.10,607448.70,612809.09}', 217044.51),
	('16d7aaea-3f26-4f17-b3e8-036595c9f3b1', '4d562e24-fef9-4535-b16d-50d4451f8ed4', 14232.46, 2740.02, 685.01, 0.00, 14771.39, 0.00, 1423.25, 0.00, '{4215.58,2107.79,1405.19}', '{18066.76,18066.76,18066.76}', '{219812.25,109906.12,73270.75}', 18066.76),
	('5fb7dda2-df1c-44e1-9980-75b6c6110e9a', '97945679-28a3-41a9-85b7-df92e9ffd3de', 11789.50, 705.22, 155.15, 5286.91, 5642.22, 1321.73, 3965.18, 0.00, '{8753.08,11246.85,11306.41}', '{37513.20,96401.58,145368.11}', '{456410.60,586442.95,589548.45}', 213591.51),
	('bcbd6343-4fb9-4032-a06c-6a46b15e9b39', '520e17a1-c38e-4b93-a0ad-154d23fc85e6', 8648.91, 799.43, 175.87, 4453.73, 3219.88, 1113.43, 3340.29, 0.00, '{6053.64,6178.55,6024.61}', '{25944.18,52959.01,77459.27}', '{315654.19,322167.31,314140.37}', 116866.55),
	('f6997f67-b08f-4c7e-83fd-b45e8ac143f3', '4d562e24-fef9-4535-b16d-50d4451f8ed4', 15135.28, 8709.03, 2177.26, 0.00, 5889.57, 0.00, 0.00, 0.00, '{8487.05,4255.69,2837.12}', '{36373.09,36477.31,36477.31}', '{442539.26,221903.64,147935.76}', 36477.31),
	('421c1eb6-619c-4f5e-9c3e-2027399bf6ee', '22a814b3-c65d-4172-b32d-baf51c6eb3b1', 10018.01, 1100.00, 220.00, 7174.73, 1523.28, 1793.68, 5381.05, 0.00, '{16361.64,16004.07,14300.97}', '{70121.30,137177.75,183869.56}', '{853142.48,834497.98,745693.22}', 285159.83),
	('5bc31657-b90f-462c-b0cf-96957907cb60', '97945679-28a3-41a9-85b7-df92e9ffd3de', 13118.00, 3714.21, 817.13, 0.00, 11897.03, 0.00, 0.00, 0.00, '{11552.79,11273.03,11930.12}', '{49511.94,96625.95,153387.25}', '{602395.27,587807.86,622070.51}', 233741.05),
	('2ab85fc9-2333-447a-bb5c-c9aa857bfa38', '4d562e24-fef9-4535-b16d-50d4451f8ed4', 9515.29, 4252.35, 1063.09, 0.00, 10292.11, 0.00, 951.53, 0.00, '{9898.65,4961.48,3307.66}', '{42422.79,42527.01,42527.01}', '{516143.94,258705.98,172470.65}', 42527.01),
	('68c5cb35-718f-4b34-bdae-7d6b407533e4', '99933617-6231-4229-9763-90ab7178ce02', 26177.96, 3595.58, 719.12, 1937.58, 19925.68, 387.52, 2617.80, 0.00, '{7259.54,4742.52,3885.66}', '{31112.32,40650.16,49958.54}', '{378533.23,247288.47,202609.63}', 69588.47),
	('18c69a55-647d-456f-b8f2-bbae3736e0fe', '4d562e24-fef9-4535-b16d-50d4451f8ed4', 10303.97, 4982.52, 1245.63, 0.00, 6702.98, 0.00, 1030.40, 0.00, '{12003.02,6262.64,4175.09}', '{51441.50,53679.73,53679.73}', '{625871.58,326551.69,217701.13}', 53679.73),
	('90b2400d-98ac-4f0e-98f0-4f6b9ee9290b', '4d562e24-fef9-4535-b16d-50d4451f8ed4', 11208.12, 4982.52, 996.50, 2880.39, 2348.71, 633.68, 2880.39, 0.00, '{12849.30,6685.78,4457.18}', '{55068.43,57306.66,57306.66}', '{669999.23,348615.52,232410.34}', 57306.66),
	('6c095a0f-9d82-4d3a-bd66-36bfa5a644c8', '1a8e9540-08a4-4892-89ce-f91d571a7096', 57710.51, 25.99, 6.50, 54014.15, 3663.87, 16204.25, 54014.15, 0.00, '{14247.84,18802.50,12676.90}', '{61062.19,161164.31,162988.65}', '{742923.31,980416.22,661009.53}', 162988.65),
	('a37ee5ea-39b9-49c7-9f9b-02361e5b1e42', '22a814b3-c65d-4172-b32d-baf51c6eb3b1', 29703.98, 12644.33, 3161.08, 9121.61, 4776.96, 2736.48, 9121.61, 0.00, '{15281.75,16626.17,16043.41}', '{65493.20,142510.00,206272.42}', '{796833.93,866935.83,836549.26}', 341234.01),
	('96e23b7e-3379-48ad-a5ee-503b6a57a0fa', '4d562e24-fef9-4535-b16d-50d4451f8ed4', 6878.26, 201.28, 50.32, -2878.68, 9505.34, 0.00, 687.83, 0.00, '{10321.72,7956.79,5304.53}', '{44235.94,68201.08,68201.08}', '{538203.94,414889.90,276593.27}', 68201.08),
	('4324f008-6796-4f0e-a700-67c58747c1b5', '4d562e24-fef9-4535-b16d-50d4451f8ed4', 11822.50, 8341.19, 2085.30, -6108.10, 7504.11, 0.00, 1182.25, 0.00, '{10174.13,9330.59,6228.50}', '{43603.43,79976.52,80080.74}', '{530508.40,486523.83,324771.89}', 80080.74),
	('7402fc0a-0c8f-4c1e-931f-2b9d9ee51fcd', '4d562e24-fef9-4535-b16d-50d4451f8ed4', 9050.60, 2789.40, 697.35, -3102.86, 8666.71, 0.00, 905.06, 0.00, '{10407.51,9989.08,6667.49}', '{44603.61,85620.65,85724.87}', '{542677.25,520858.95,347661.97}', 85724.87),
	('867b30ec-b36a-4a32-a143-7f8e00b0e8e1', 'cb2e3716-94f8-4de6-b74d-dd7134a86e63', 8811.64, 840.87, 184.99, 7589.75, 196.03, 1897.44, 5692.31, 0.00, '{10609.83,9769.72,9527.01}', '{45470.68,83740.46,122490.17}', '{553226.61,509421.13,496765.69}', 251380.50),
	('4cda643b-052c-41d0-b4d1-91bb72880d1b', '4d562e24-fef9-4535-b16d-50d4451f8ed4', 14076.59, 5268.70, 1317.17, -1870.73, 9361.44, 0.00, 1407.66, 0.00, '{9759.86,10723.89,7323.35}', '{41827.95,91919.10,94157.33}', '{508906.73,559174.52,381860.28}', 94157.33),
	('8a2ab9a3-bbfe-4867-829c-d5e725b8e0c7', '4d562e24-fef9-4535-b16d-50d4451f8ed4', 14076.59, 5268.70, 1317.17, -4305.76, 11796.47, 0.00, 1407.66, 0.00, '{9759.86,10723.89,7323.35}', '{41827.95,91919.10,94157.33}', '{508906.73,559174.52,381860.28}', 94157.33),
	('9cd54c8e-262f-4095-9f0b-8010a9d2732b', '99933617-6231-4229-9763-90ab7178ce02', 10022.69, 2538.28, 507.66, -1926.72, 8903.47, 0.00, 1002.27, 0.00, '{6155.30,7652.17,6096.29}', '{26379.86,65590.00,78380.82}', '{320954.96,399005.83,317877.77}', 109509.36),
	('af830280-26f9-48e7-9018-7460df1abf86', '99933617-6231-4229-9763-90ab7178ce02', 9085.54, 1458.51, 364.63, -1109.24, 8371.64, 0.00, 908.55, 0.00, '{9333.90,9241.46,7155.82}', '{40002.41,79212.55,92003.37}', '{486695.99,481876.35,373124.78}', 123131.91),
	('8ff5ebd4-d8a5-45c3-9732-6eb81a8347ee', '4d562e24-fef9-4535-b16d-50d4451f8ed4', 9985.80, 6318.97, 1579.74, -9716.64, 11803.73, 0.00, 998.58, 0.00, '{10260.95,10276.17,8025.35}', '{43975.49,88081.50,103183.13}', '{535035.13,535829.12,418464.92}', 103183.13),
	('0e6076d6-8dc0-4b16-95c5-971b9b44e9be', '520e17a1-c38e-4b93-a0ad-154d23fc85e6', 6412.99, 756.71, 151.34, -339.96, 5844.90, 0.00, 641.30, 0.00, '{3693.31,5412.90,5817.42}', '{15828.46,46396.25,74795.34}', '{192579.60,282243.85,303336.66}', 158894.77),
	('09b43744-8e9c-4c4c-bc90-836d67f81c81', '520e17a1-c38e-4b93-a0ad-154d23fc85e6', 3750.82, 1158.70, 289.67, 1255.21, 1047.24, 376.56, 878.64, 4860.23, '{0.00,0.00,0.00}', '{0.00,0.00,0.00}', '{0.00,0.00,0.00}', 164760.98),
	('3140df05-491b-45dd-b68c-09b39f5125b6', '99933617-6231-4229-9763-90ab7178ce02', 11091.24, 2995.02, 599.00, -8627.41, 16124.63, 0.00, 1109.12, 5637.74, '{10969.67,10194.90,8449.92}', '{47012.88,87384.89,108641.82}', '{571990.04,531591.41,440602.94}', 144264.31),
	('fa7f9dff-5f76-414f-b514-cd43ae01e25d', '99933617-6231-4229-9763-90ab7178ce02', 11091.24, 2995.02, 599.00, -7027.41, 14524.63, 0.00, 1109.12, 5637.74, '{10969.67,10194.90,8449.92}', '{47012.88,87384.89,108641.82}', '{571990.04,531591.41,440602.94}', 144264.31),
	('6e9381b4-004b-43a8-b6a4-54d92bd63383', '99933617-6231-4229-9763-90ab7178ce02', 13883.38, 1474.83, 294.97, 6877.84, 5235.74, 1375.57, 5502.28, 12249.14, '{10969.67,10194.90,8449.92}', '{47012.88,87384.89,108641.82}', '{571990.04,531591.41,440602.94}', 144264.31),
	('3986b476-4e3b-4c7c-9487-e4e59fb9bd24', '4d562e24-fef9-4535-b16d-50d4451f8ed4', 15097.75, 2047.35, 409.47, 4729.05, 7911.88, 1040.39, 3688.66, 13747.95, '{7973.71,9362.07,8691.51}', '{34173.06,80246.29,111748.04}', '{415772.23,488164.93,453200.38}', 111852.26),
	('98a27f1a-7929-480d-b7e2-af2a1025f326', 'fb4277da-8ecd-4e58-a2fc-527dfce124bd', 2613.00, 778.82, 155.76, -507.01, 2185.43, 0.00, 261.30, 261.30, '{999.61,2093.92,1938.34}', '{4284.05,17947.87,24921.52}', '{52122.61,109182.88,101070.61}', 125559.23),
	('5d163ce0-126f-4fc4-8693-5bf7506b6452', 'cb2e3716-94f8-4de6-b74d-dd7134a86e63', 9811.66, 88.00, 19.36, 6564.57, 3139.73, 1641.14, 4923.43, 10615.74, '{5203.33,6908.95,7740.52}', '{22300.00,59219.53,99520.97}', '{271316.67,360252.14,403612.82}', 258211.59),
	('fb105a43-5ffd-4792-89c9-156de97568aa', '97945679-28a3-41a9-85b7-df92e9ffd3de', 12168.86, 676.51, 148.83, 6341.44, 5002.08, 1585.36, 4756.08, 25224.30, '{12592.30,13572.28,13483.89}', '{53967.02,116333.84,173364.25}', '{656598.74,707697.53,703088.35}', 350047.80),
	('15107515-5a64-41cf-9614-731d4e94b951', 'fb4277da-8ecd-4e58-a2fc-527dfce124bd', 3822.07, 4177.21, 835.44, -6336.69, 5146.11, 0.00, 382.21, 643.51, '{2862.74,3012.71,2242.46}', '{12268.88,25823.21,28831.69}', '{149271.37,157091.19,116928.52}', 135207.70),
	('7abb5f1c-b4db-4063-9dca-f5c66c09d49f', '520e17a1-c38e-4b93-a0ad-154d23fc85e6', 132153.62, 1111.29, 277.82, 128599.19, 2165.32, 38579.76, 90019.43, 94879.66, '{2702.18,3713.69,5511.30}', '{11580.77,31831.61,70859.61}', '{140899.37,193642.29,287375.08}', 176889.62),
	('e26dfca5-6797-4bda-96a7-2277a2f6e97d', '97945679-28a3-41a9-85b7-df92e9ffd3de', 6237.20, 2288.15, 503.39, -7666.58, 11112.24, 0.00, 623.72, 25848.02, '{11989.76,12430.59,13027.41}', '{51384.68,106547.88,167495.27}', '{625180.27,648166.27,679286.37}', 349079.69),
	('f0b1301a-2079-44f4-82d1-a515de6ce6a4', '345cb497-d01d-432c-b8ef-40b70af14dbd', 12477.90, 252.48, 55.55, 12008.59, 161.28, 3002.15, 9006.45, 9946.87, '{2484.56,3118.82,5028.13}', '{10648.10,26732.73,64647.42}', '{129551.88,162624.11,262181.20}', 220589.84),
	('a404fc7b-16af-4f37-9dbc-e1adea3c9b78', '97945679-28a3-41a9-85b7-df92e9ffd3de', 12657.00, 879.69, 193.53, 7880.82, 3702.96, 1970.20, 5910.61, 31758.63, '{9158.35,11801.54,11477.89}', '{39250.08,101156.08,147572.82}', '{477542.64,615366.15,598489.77}', 330162.89),
	('1b9b303a-4218-4989-af50-fe9ed33fa322', '99933617-6231-4229-9763-90ab7178ce02', 10321.25, 594.49, 118.90, -570.09, 10177.95, 0.00, 1032.13, 13281.27, '{11358.97,10794.81,10005.23}', '{48681.29,92526.96,128638.61}', '{592289.03,562872.34,521701.03}', 180425.66),
	('250d33e7-3cff-4ffb-8f40-e6482d49a8df', '99933617-6231-4229-9763-90ab7178ce02', 15681.40, 2985.52, 597.10, 3357.42, 8741.36, 671.48, 2685.93, 15967.20, '{11358.97,10794.81,10005.23}', '{48681.29,92526.96,128638.61}', '{592289.03,562872.34,521701.03}', 180425.66),
	('205f89c4-364a-4ce5-af2e-0d5da96d00d3', '4298361c-e738-4d0a-ac0f-f0993751ce0b', 144250.36, 7333.21, 1833.30, 20902.17, 114181.68, 5225.54, 15676.63, 15676.63, '{50664.71,50672.81,44954.15}', '{217134.47,434338.34,577981.87}', '{2641802.72,2642224.90,2344037.58}', 1279516.96),
	('c9c09cce-66ea-497b-b22b-6aefa92e81d0', 'fb4277da-8ecd-4e58-a2fc-527dfce124bd', 2658.24, 836.90, 167.38, -744.04, 2398.00, 0.00, 265.82, 909.33, '{3524.11,2866.71,2905.68}', '{15103.31,24571.77,37358.71}', '{183756.94,149478.27,151510.32}', 146488.94),
	('ab4cd8d9-9071-402c-a8bf-ddc35854001e', '99933617-6231-4229-9763-90ab7178ce02', 9541.67, 1251.77, 250.35, 2239.22, 5800.33, 447.84, 1791.37, 17758.57, '{11163.13,10798.59,10504.13}', '{47841.98,92559.32,135053.10}', '{582077.42,563069.20,547715.35}', 203304.16),
	('85ab5ce7-d44d-4355-a33c-e66e7c638da5', '99933617-6231-4229-9763-90ab7178ce02', 11000.16, 2218.54, 443.71, -1270.04, 9607.95, 0.00, 1100.02, 18858.59, '{11163.13,10798.59,10504.13}', '{47841.98,92559.32,135053.10}', '{582077.42,563069.20,547715.35}', 203304.16),
	('6b2e0382-101d-4fb2-a938-30e9d0d63487', '99933617-6231-4229-9763-90ab7178ce02', 9541.67, 3901.48, 780.30, -940.44, 5800.33, 0.00, 954.17, 16921.37, '{11163.13,10798.59,10504.13}', '{47841.98,92559.32,135053.10}', '{582077.42,563069.20,547715.35}', 203304.16),
	('e9358f2b-1356-48b2-987e-a44be7e3aa70', '4298361c-e738-4d0a-ac0f-f0993751ce0b', 37365.92, 4152.19, 1038.05, 7169.19, 25006.49, 1792.30, 5376.89, 21053.52, '{34127.60,45024.64,41358.42}', '{146261.15,385925.47,531751.17}', '{1779510.66,2347713.28,2156546.41}', 1290392.55),
	('f3d2d559-e606-48dc-b747-2e0cf9ab1ce8', '99933617-6231-4229-9763-90ab7178ce02', 9802.42, 1210.34, 242.07, 4376.72, 3973.29, 875.34, 3501.38, 23314.14, '{11217.87,10972.44,10667.11}', '{48076.57,94049.45,137148.51}', '{584931.60,572134.15,556213.40}', 211751.81);


--
-- Data for Name: debts; Type: TABLE DATA; Schema: public; Owner: postgres
--

INSERT INTO "public"."debts" ("id", "user_id", "description", "amount", "payment", "interest", "months_remaining") VALUES
	(6, '04b9a09f-dad2-4013-a28b-b2771c5bba03', 'CareCredit', 20658.32, 719.00, 27.00, 0),
	(7, '04b9a09f-dad2-4013-a28b-b2771c5bba03', 'Barclays Jet Blue', 7561.44, 222.81, 22.00, 0),
	(8, '04b9a09f-dad2-4013-a28b-b2771c5bba03', 'Chase Freedom', 1231.59, 180.00, 18.50, 0),
	(9, '04b9a09f-dad2-4013-a28b-b2771c5bba03', 'MB C300', 8585.58, 500.00, 30.00, 0),
	(14, '99933617-6231-4229-9763-90ab7178ce02', 'JPMCB', 14513.00, 495.00, 24.00, 0),
	(18, '99933617-6231-4229-9763-90ab7178ce02', 'Dad', 11385.00, 750.00, 5.00, 0),
	(19, '99933617-6231-4229-9763-90ab7178ce02', 'Dad', 7050.00, 250.00, 5.00, 0),
	(21, '99933617-6231-4229-9763-90ab7178ce02', 'Jeep', 6400.00, 780.00, 5.00, 0),
	(22, '99933617-6231-4229-9763-90ab7178ce02', 'ERC', 6400.00, 761.00, 5.00, 0),
	(23, '99933617-6231-4229-9763-90ab7178ce02', 'Bank of America', 7500.00, 156.00, 24.00, 0),
	(24, '99933617-6231-4229-9763-90ab7178ce02', 'Chase', 3738.00, 115.00, 24.00, 0),
	(26, '99933617-6231-4229-9763-90ab7178ce02', 'Amex', 31737.00, 1091.00, 24.00, 0),
	(27, '99933617-6231-4229-9763-90ab7178ce02', 'Chase', 14736.00, 504.00, 24.00, 0),
	(28, '99933617-6231-4229-9763-90ab7178ce02', 'Anheuser', 9827.00, 294.00, 5.00, 0),
	(29, '99933617-6231-4229-9763-90ab7178ce02', 'BOA', 5890.00, 193.00, 24.00, 0),
	(36, '22a814b3-c65d-4172-b32d-baf51c6eb3b1', 'Capstan', 84109.00, 2257.00, 3.13, 0),
	(37, '22a814b3-c65d-4172-b32d-baf51c6eb3b1', 'Gridwood', 279431.00, 1659.00, 3.13, 0),
	(38, '22a814b3-c65d-4172-b32d-baf51c6eb3b1', 'BigLake', 332838.00, 2226.00, 5.50, 0),
	(39, '8d18fc14-2a51-44cc-8273-2e5ecb0718e7', 'Home Mortgage', 639000.00, 3521.00, 5.00, 0),
	(40, '8d18fc14-2a51-44cc-8273-2e5ecb0718e7', 'Building', 222000.00, 3817.00, 5.00, 0),
	(41, '8d18fc14-2a51-44cc-8273-2e5ecb0718e7', 'LOC', 6436.00, 447.00, 4.00, 0),
	(42, '8d18fc14-2a51-44cc-8273-2e5ecb0718e7', 'Tesla', 22182.00, 1137.00, 3.50, 0),
	(43, '8d18fc14-2a51-44cc-8273-2e5ecb0718e7', 'Student Loan', 67338.00, 593.00, 2.40, 0),
	(50, '4d562e24-fef9-4535-b16d-50d4451f8ed4', 'Chase Freedom', 6430.91, 172.00, 22.20, 0),
	(53, '4d562e24-fef9-4535-b16d-50d4451f8ed4', 'Webster Bank Personal LOC', 673.00, 35.00, 18.00, 0),
	(54, '4d562e24-fef9-4535-b16d-50d4451f8ed4', 'Athletta', 4126.00, 135.00, 29.00, 0),
	(55, '4d562e24-fef9-4535-b16d-50d4451f8ed4', 'Saks', 6593.61, 300.00, 29.00, 0),
	(56, '4d562e24-fef9-4535-b16d-50d4451f8ed4', 'MB C300', 10535.49, 452.59, 5.00, 0),
	(57, '4d562e24-fef9-4535-b16d-50d4451f8ed4', 'MB GLE', 11398.37, 412.57, 5.00, 0),
	(58, '4d562e24-fef9-4535-b16d-50d4451f8ed4', 'Home Depot', 336.91, 35.00, 1.00, 0),
	(25, '99933617-6231-4229-9763-90ab7178ce02', 'CareCredit', 3804.00, 149.00, 0.01, 0),
	(17, '99933617-6231-4229-9763-90ab7178ce02', 'BMW', 11377.00, 397.00, 5.00, 0),
	(59, '99933617-6231-4229-9763-90ab7178ce02', 'Chase-Amy', 10855.89, 400.00, 24.00, 0),
	(60, '99933617-6231-4229-9763-90ab7178ce02', 'Enterprise LOC', 9581.00, 372.00, 6.48, 0),
	(13, '99933617-6231-4229-9763-90ab7178ce02', 'AES', 71550.00, 443.00, 4.00, 0),
	(16, '99933617-6231-4229-9763-90ab7178ce02', 'AES', 44779.00, 339.00, 4.00, 0),
	(15, '99933617-6231-4229-9763-90ab7178ce02', 'BestBuy', 506.00, 29.00, 0.10, 0),
	(20, '99933617-6231-4229-9763-90ab7178ce02', 'Equipment', 21022.00, 780.00, 5.00, 0),
	(47, '4d562e24-fef9-4535-b16d-50d4451f8ed4', 'Capital One', 1850.10, 25.00, 15.90, 0),
	(48, '4d562e24-fef9-4535-b16d-50d4451f8ed4', 'Capital One', 4760.40, 147.00, 22.90, 0),
	(44, '4d562e24-fef9-4535-b16d-50d4451f8ed4', 'Care Credit', 22995.48, 783.00, 27.00, 0),
	(49, '4d562e24-fef9-4535-b16d-50d4451f8ed4', 'Synchrony Bank PC Richards', 840.60, 100.00, 1.00, 0),
	(51, '4d562e24-fef9-4535-b16d-50d4451f8ed4', 'Wayfair', 509.68, 32.77, 1.00, 0),
	(52, '4d562e24-fef9-4535-b16d-50d4451f8ed4', 'Webster LOC Personal', 4900.00, 173.00, 18.00, 0),
	(45, '4d562e24-fef9-4535-b16d-50d4451f8ed4', 'Barklay''s Jet Blue', 15877.00, 320.00, 21.00, 0);


--
-- Data for Name: personal_finance; Type: TABLE DATA; Schema: public; Owner: postgres
--

-- Update the values because the trigger on the personal_finance table is used to create the record on a insertion of public.users
INSERT INTO "public"."personal_finance" ("id", "user_id", "start_date", "rates", "stop_invest", "start_withdrawl", "money_needed_to_live", "tax_bracket", "tax_bracket_future", "premium_deposit", "ytd_collections", "default_tax_rate")
VALUES
  (1,  '520e17a1-c38e-4b93-a0ad-154d23fc85e6', '2023-03-01 16:00:00+00', '{7.00,7.00,7.00,7.00,7.00,7.00,7.00,7.00,7.00,7.00,7.00,7.00,7.00,7.00,7.00,7.00,7.00,7.00,7.00,7.00,7.00,7.00,7.00,7.00,7.00,7.00,7.00,7.00,7.00,7.00,7.00,7.00,7.00,7.00,7.00,7.00,7.00,7.00,7.00,7.00,7.00,7.00,7.00,7.00,7.00,7.00,7.00,7.00,7.00,7.00,7.00,7.00,7.00,7.00,7.00,7.00,7.00}', 10, 20, 100000, 35, 40, 50000, 0, 25),
	(10, '4298361c-e738-4d0a-ac0f-f0993751ce0b', '2023-06-05 16:00:00+00', '{7.00,7.00,7.00,7.00,7.00,7.00,7.00,7.00,7.00,7.00,7.00,7.00,7.00,7.00,7.00,7.00,7.00,7.00,7.00,7.00,7.00,7.00,7.00,7.00,7.00,7.00,7.00,7.00,7.00,7.00,7.00,7.00,7.00,7.00,7.00,7.00,7.00,7.00,7.00,7.00,7.00,7.00,7.00,7.00,7.00,7.00,7.00,7.00,7.00,7.00,7.00,7.00,7.00,7.00,7.00,7.00,7.00,7.00,7.00,7.00}', 10, 20, 100000, 35, 40, 50000, 0, 25),
  (11, 'e6c9e220-272e-4768-b1ea-81f9bfcda284', '2023-06-07 16:00:00+00', '{7.00,7.00,7.00,7.00,7.00,7.00,7.00,7.00,7.00,7.00,7.00,7.00,7.00,7.00,7.00,7.00,7.00,7.00,7.00,7.00,7.00,7.00,7.00,7.00,7.00,7.00,7.00,7.00,7.00,7.00,7.00,7.00,7.00,7.00,7.00,7.00,7.00,7.00,7.00,7.00,7.00,7.00,7.00,7.00,7.00,7.00,7.00,7.00,7.00,7.00,7.00,7.00,7.00,7.00,7.00,7.00,7.00,7.00,7.00,7.00}', 10, 20, 100000, 35, 40, 50000, 0, 25),
	(12, 'fb4277da-8ecd-4e58-a2fc-527dfce124bd', '2023-06-07 16:00:00+00', '{7.00,7.00,7.00,7.00,7.00,7.00,7.00,7.00,7.00,7.00,7.00,7.00,7.00,7.00,7.00,7.00,7.00,7.00,7.00,7.00,7.00,7.00,7.00,7.00,7.00,7.00,7.00,7.00,7.00,7.00,7.00,7.00,7.00,7.00,7.00,7.00,7.00,7.00,7.00,7.00,7.00,7.00,7.00,7.00,7.00,7.00,7.00,7.00,7.00,7.00,7.00,7.00,7.00,7.00,7.00,7.00,7.00,7.00,7.00,7.00}', 10, 20, 100000, 35, 40, 50000, 0, 25),
	(13, '1a8e9540-08a4-4892-89ce-f91d571a7096', '2023-06-08 16:00:00+00', '{7.00,7.00,7.00,7.00,7.00,7.00,7.00,7.00,7.00,7.00,7.00,7.00,7.00,7.00,7.00,7.00,7.00,7.00,7.00,7.00,7.00,7.00,7.00,7.00,7.00,7.00,7.00,7.00,7.00,7.00,7.00,7.00,7.00,7.00,7.00,7.00,7.00,7.00,7.00,7.00,7.00,7.00,7.00,7.00,7.00,7.00,7.00,7.00,7.00,7.00,7.00,7.00,7.00,7.00,7.00,7.00,7.00,7.00,7.00,7.00}', 10, 20, 100000, 35, 40, 50000, 0, 25),
	(15, 'd4ef085b-9bfb-481d-8c34-f99cf1567bc1', '2023-03-04 16:00:00+00', '{7.00,7.00,7.00,7.00,7.00,7.00,7.00,7.00,7.00,7.00,7.00,7.00,7.00,7.00,7.00,7.00,7.00,7.00,7.00,7.00,7.00,7.00,7.00,7.00,7.00,7.00,7.00,7.00,7.00,7.00,7.00,7.00,7.00,7.00,7.00,7.00,7.00,7.00,7.00,7.00,7.00,7.00,7.00,7.00,7.00,7.00,7.00,7.00,7.00,7.00,7.00,7.00,7.00,7.00,7.00,7.00,7.00,7.00,7.00,7.00}', 10, 20, 100000, 35, 40, 50000, 0, 25),
	(16, '16527c8c-b64d-4840-9775-591b5bfc4340', '2023-06-29 16:00:00+00', '{7.00,7.00,7.00,7.00,7.00,7.00,7.00,7.00,7.00,7.00,7.00,7.00,7.00,7.00,7.00,7.00,7.00,7.00,7.00,7.00,7.00,7.00,7.00,7.00,7.00,7.00,7.00,7.00,7.00,7.00,7.00,7.00,7.00,7.00,7.00,7.00,7.00,7.00,7.00,7.00,7.00,7.00,7.00,7.00,7.00,7.00,7.00,7.00,7.00,7.00,7.00,7.00,7.00,7.00,7.00,7.00,7.00,7.00,7.00,7.00}', 10, 20, 100000, 35, 40, 50000, 0, 25),
	(2,  '04b9a09f-dad2-4013-a28b-b2771c5bba03', '2023-04-14 00:00:00+00', '{7.00,7.00,7.00,7.00,7.00,7.00,7.00,7.00,7.00,7.00,7.00,7.00,7.00,7.00,7.00,7.00,7.00,7.00,7.00,7.00,7.00,7.00,7.00,7.00,7.00,7.00,7.00,7.00,7.00,7.00,7.00,7.00,7.00,7.00,7.00,7.00,7.00,7.00,7.00,7.00,7.00,7.00,7.00,7.00,7.00,7.00,7.00,7.00,7.00,7.00,7.00,7.00,7.00,7.00,7.00,7.00,7.00,7.00,7.00,7.00}', 10, 20, 100000, 35, 40, 50000, 0, 25),
	(3,  '4d562e24-fef9-4535-b16d-50d4451f8ed4', '2024-01-01 00:00:00+00', '{7.00,7.00,7.00,7.00,7.00,7.00,7.00,7.00,7.00,7.00,7.00,7.00,7.00,7.00,7.00,7.00,7.00,7.00,7.00,7.00,7.00,7.00,7.00,7.00,7.00,7.00,7.00,7.00,7.00,7.00,7.00,7.00,7.00,7.00,7.00,7.00,7.00,7.00,7.00,7.00,7.00,7.00,7.00,7.00,7.00,7.00,7.00,7.00,7.00,7.00,7.00,7.00,7.00,7.00,7.00,7.00,7.00,7.00,7.00,7.00}', 10, 14, 56273, 35, 35, 50000, 0, 25),
	(4,  '97945679-28a3-41a9-85b7-df92e9ffd3de', '2023-04-16 00:00:00+00', '{7.00,7.00,7.00,7.00,7.00,7.00,7.00,7.00,7.00,7.00,7.00,7.00,7.00,7.00,7.00,7.00,7.00,7.00,7.00,7.00,7.00,7.00,7.00,7.00,7.00,7.00,7.00,7.00,7.00,7.00,7.00,7.00,7.00,7.00,7.00,7.00,7.00,7.00,7.00,7.00,7.00,7.00,7.00,7.00,7.00,7.00,7.00,7.00,7.00,7.00,7.00,7.00,7.00,7.00,7.00,7.00,7.00,7.00,7.00,7.00}', 10, 20, 100000, 35, 40, 50000, 0, 20),
	(5,  '345cb497-d01d-432c-b8ef-40b70af14dbd', '2023-04-30 16:00:00+00', '{7.00,7.00,7.00,7.00,7.00,7.00,7.00,7.00,7.00,7.00,7.00,7.00,7.00,7.00,7.00,7.00,7.00,7.00,7.00,7.00,7.00,7.00,7.00,7.00,7.00,7.00,7.00,7.00,7.00,7.00,7.00,7.00,7.00,7.00,7.00,7.00,7.00,7.00,7.00,7.00,7.00,7.00,7.00,7.00,7.00,7.00,7.00,7.00,7.00,7.00,7.00,7.00,7.00,7.00,7.00,7.00,7.00,7.00,7.00,7.00}', 10, 20, 100000, 35, 40, 50000, 0, 25),
	(6,  '99933617-6231-4229-9763-90ab7178ce02', '2023-05-10 16:00:00+00', '{7.00,7.00,7.00,7.00,7.00,7.00,7.00,7.00,7.00,7.00,7.00,7.00,7.00,7.00,7.00,7.00,7.00,7.00,7.00,7.00,7.00,7.00,7.00,7.00,7.00,7.00,7.00,7.00,7.00,7.00,7.00,7.00,7.00,7.00,7.00,7.00,7.00,7.00,7.00,7.00,7.00,7.00,7.00,7.00,7.00,7.00,7.00,7.00,7.00,7.00,7.00,7.00,7.00,7.00,7.00,7.00,7.00,7.00,7.00,7.00}', 10, 20, 100000, 35, 40, 50000, 0, 25),
	(7,  '22a814b3-c65d-4172-b32d-baf51c6eb3b1', '2023-05-24 16:00:00+00', '{7.00,7.00,7.00,7.00,7.00,7.00,7.00,7.00,7.00,7.00,7.00,7.00,7.00,7.00,7.00,7.00,7.00,7.00,7.00,7.00,7.00,7.00,7.00,7.00,7.00,7.00,7.00,7.00,7.00,7.00,7.00,7.00,7.00,7.00,7.00,7.00,7.00,7.00,7.00,7.00,7.00,7.00,7.00,7.00,7.00,7.00,7.00,7.00,7.00,7.00,7.00,7.00,7.00,7.00,7.00,7.00,7.00,7.00,7.00,7.00}', 10, 20, 100000, 35, 40, 50000, 0, 25),
	(8,  '8d18fc14-2a51-44cc-8273-2e5ecb0718e7', '2024-04-30 22:00:00+00', '{7.00,7.00,7.00,7.00,7.00,7.00,7.00,7.00,7.00,7.00,7.00,7.00,7.00,7.00,7.00,7.00,7.00,7.00,7.00,7.00,7.00,7.00,7.00,7.00,7.00,7.00,7.00,7.00,7.00,7.00,7.00,7.00,7.00,7.00,7.00,7.00,7.00,7.00,7.00,7.00,7.00,7.00,7.00,7.00,7.00,7.00,7.00,7.00,7.00,7.00,7.00,7.00,7.00,7.00,7.00,7.00,7.00,7.00,7.00,7.00}', 10, 20, 100000, 35, 40, 50000, 0, 25),
	(9,  'cb2e3716-94f8-4de6-b74d-dd7134a86e63', '2023-06-01 16:00:00+00', '{7.00,7.00,7.00,7.00,7.00,7.00,7.00,7.00,7.00,7.00,7.00,7.00,7.00,7.00,7.00,7.00,7.00,7.00,7.00,7.00,7.00,7.00,7.00,7.00,7.00,7.00,7.00,7.00,7.00,7.00,7.00,7.00,7.00,7.00,7.00,7.00,7.00,7.00,7.00,7.00,7.00,7.00,7.00,7.00,7.00,7.00,7.00,7.00,7.00,7.00,7.00,7.00,7.00,7.00,7.00,7.00,7.00,7.00,7.00,7.00}', 10, 20, 100000, 35, 40, 50000, 0, 25)
ON CONFLICT ("id")
DO UPDATE SET
    "user_id" = EXCLUDED."user_id",
    "start_date" = EXCLUDED."start_date",
    "rates" = EXCLUDED."rates",
    "stop_invest" = EXCLUDED."stop_invest",
    "start_withdrawl" = EXCLUDED."start_withdrawl",
    "money_needed_to_live" = EXCLUDED."money_needed_to_live",
    "tax_bracket" = EXCLUDED."tax_bracket",
    "tax_bracket_future" = EXCLUDED."tax_bracket_future",
    "premium_deposit" = EXCLUDED."premium_deposit",
    "ytd_collections" = EXCLUDED."ytd_collections",
    "default_tax_rate" = EXCLUDED."default_tax_rate";


--
-- Data for Name: plaid_filters; Type: TABLE DATA; Schema: public; Owner: postgres
--

INSERT INTO "public"."plaid_filters" ("id", "filter", "category") VALUES
	(39, 'transfer', 'Transfer'),
	(40, 'deposit', 'Money-In'),
	(41, 'square', 'Money-In'),
	(42, 'bankcard', 'Money-In'),
	(43, 'mobile deposit', 'Money-In'),
	(44, 'merchant', 'Money-In'),
	(45, 'esquire', 'Money-In'),
	(46, 'stripe', 'Money-In'),
	(47, 'venmo', 'Money-Out'),
	(48, 'fullscript', 'Money-In'),
	(49, 'check', 'Money-Out'),
	(50, 'synchrony', 'Money-In'),
	(51, 'commerce', 'Money-In'),
	(52, 'hcclaimpmt', 'Money-In'),
	(53, 'clearent', 'Money-In'),
	(56, 'bcbs', 'Money-In');



--
-- Data for Name: global_plaid_filters; Type: TABLE DATA; Schema: public; Owner: postgres
--

INSERT INTO "public"."global_plaid_filters" ("id", "filter", "category") VALUES
	(39, 'transfer', 'Transfer'),
	(40, 'deposit', 'Money-In'),
	(41, 'square', 'Money-In'),
	(42, 'bankcard', 'Money-In'),
	(43, 'mobile deposit', 'Money-In'),
	(44, 'merchant', 'Money-In'),
	(45, 'esquire', 'Money-In'),
	(46, 'stripe', 'Money-In'),
	(47, 'venmo', 'Money-Out'),
	(48, 'fullscript', 'Money-In'),
	(49, 'check', 'Money-Out'),
	(50, 'synchrony', 'Money-In'),
	(51, 'commerce', 'Money-In'),
	(52, 'hcclaimpmt', 'Money-In'),
	(53, 'clearent', 'Money-In'),
	(56, 'bcbs', 'Money-In');


-- Sandbox Plaid
INSERT INTO plaid (item_id, user_id, name, access_token, expiration, cursor)
VALUES (
  'pVj6rVzAJBI73km8RbpXfMRPMVAGk5CL8zWAl',
  '04b9a09f-dad2-4013-a28b-b2771c5bba03',
  'Chase',
  'access-sandbox-66f3ca90-c304-4e1c-893b-58a4db5aadc8',
  '2023-11-20 16:53:33+00',
  'CAESJUEzZG9EM2VLbFBGVjdBTWxhRVJrY24zUW94TURSV2k5RDdQOXoaDAjI0JOnBhDAzJaCASIMCMjQk6cGEMDMloIBKgwIyNCTpwYQwMyWggE='
);


-- Sandbox Plaid Accounts
INSERT INTO plaid_accounts (account_id, item_id, name, type, enabled)
VALUES
  ('zqg6jq7z4eIaxy5QXzrefGLn19EPlDslnKzxP', 'pVj6rVzAJBI73km8RbpXfMRPMVAGk5CL8zWAl', 'Plaid Checking', 'business', true),
  ('BxaoVxQkqjIoyjbD4Aenf8mMpb6XLQi4l1Qd3', 'pVj6rVzAJBI73km8RbpXfMRPMVAGk5CL8zWAl', 'Plaid Saving', 'business', true),
  ('3g6Z8gqJWRFg41q38GMAC1qE8JGlQRuZxLBkk', 'pVj6rVzAJBI73km8RbpXfMRPMVAGk5CL8zWAl', 'Plaid Credit Card', 'business', true);


-- Sandbox Plaid Transactions
INSERT INTO plaid_transactions (id, item_id, account_id, name, amount, category, date)
VALUES
  ('MMLnaMAP18hENrXwpklQfldG7av5lDtLxJmql', 'pVj6rVzAJBI73km8RbpXfMRPMVAGk5CL8zWAl', 'zqg6jq7z4eIaxy5QXzrefGLn19EPlDslnKzxP', 'Uber 072515 SF**POOL**',	6.33,	'Money-Out', '2023-08-11 07:00:00+00'),
  ('1pvAopGWeRhGXoNzQlZEFJkZNryPJ1Cp78DB7', 'pVj6rVzAJBI73km8RbpXfMRPMVAGk5CL8zWAl', 'zqg6jq7z4eIaxy5QXzrefGLn19EPlDslnKzxP', 'Uber 063015 SF**POOL**',	5.40,	'Money-Out',	'2023-07-29 07:00:00+00'),
  ('LZ1AdZWPRkIJMK6GLZQzhQnjLdJmQ9Ck8X3wM', 'pVj6rVzAJBI73km8RbpXfMRPMVAGk5CL8zWAl', 'zqg6jq7z4eIaxy5QXzrefGLn19EPlDslnKzxP', 'United Airlines', -500.00,	'Money-In',	'2023-07-27 07:00:00+00'),
  ('pVj6rVzAJBI73km8RbpXfMRa45k3M9FpgZXad', 'pVj6rVzAJBI73km8RbpXfMRPMVAGk5CL8zWAl', 'zqg6jq7z4eIaxy5QXzrefGLn19EPlDslnKzxP', 'McDonalds',	12.00,	'Money-Out',	'2023-07-26 07:00:00+00'),
  ('oVP6KVryRzIzBk78bLXgtemxlNA7eJuo9dvEP', 'pVj6rVzAJBI73km8RbpXfMRPMVAGk5CL8zWAl', 'zqg6jq7z4eIaxy5QXzrefGLn19EPlDslnKzxP', 'Starbucks',	4.33,	'Money-Out',	'2023-07-26 07:00:00+00'),
  ('gVzDRV87rgI34N6VwGx7fxN71mJKxEFEDxyWZ', 'pVj6rVzAJBI73km8RbpXfMRPMVAGk5CL8zWAl', 'zqg6jq7z4eIaxy5QXzrefGLn19EPlDslnKzxP', 'SparkFun',	89.40,	'Money-Out',	'2023-07-25 07:00:00+00'),
  ('8G5onG3ZxrcpGr5NlZ31uLPVEvm3LlfWabNqv', 'pVj6rVzAJBI73km8RbpXfMRPMVAGk5CL8zWAl', 'BxaoVxQkqjIoyjbD4Aenf8mMpb6XLQi4l1Qd3', 'CREDIT CARD 3333 PAYMENT',	25.00,	'Money-Out',	'2023-07-29 07:00:00+00'),
  ('E4PLq413zQHlNGMajJR1IRDALqpMRVi4Qq6bj', 'pVj6rVzAJBI73km8RbpXfMRPMVAGk5CL8zWAl', 'BxaoVxQkqjIoyjbD4Aenf8mMpb6XLQi4l1Qd3', 'INTRST PYMNT', -4.22, 'Transfer', '2023-07-24 07:00:00+00'),
  ('WGbB1GdkoxcgA6mXdJ9VC9vjy1rQ9DH6MkBgl', 'pVj6rVzAJBI73km8RbpXfMRPMVAGk5CL8zWAl', '3g6Z8gqJWRFg41q38GMAC1qE8JGlQRuZxLBkk', 'United Airlines',	500.00,	'Money-Out',	'2023-08-13 07:00:00+00'),
  ('A3doD3eKlPFV7AMlaERkcn3PLyGkn4i9wQBz9', 'pVj6rVzAJBI73km8RbpXfMRPMVAGk5CL8zWAl', '3g6Z8gqJWRFg41q38GMAC1qE8JGlQRuZxLBkk', 'Tectra Inc',	500.00,	'Money-Out',	'2023-08-08 07:00:00+00'),
  ('GP7VrPpdGMUmQMpdeaB4uBJ6Qr1LBVt695ZkG', 'pVj6rVzAJBI73km8RbpXfMRPMVAGk5CL8zWAl', '3g6Z8gqJWRFg41q38GMAC1qE8JGlQRuZxLBkk', 'Madison Bicycle Shop',	500.00,	'Money-Out',	'2023-08-07 07:00:00+00'),
  ('nVN6qVKAXrIoz87vbWmafq3vZpLrqBtAkjJvK', 'pVj6rVzAJBI73km8RbpXfMRPMVAGk5CL8zWAl', '3g6Z8gqJWRFg41q38GMAC1qE8JGlQRuZxLBkk', 'KFC',	500.00,	'Money-Out', '2023-08-07 07:00:00+00'),
  ('bV5RbV1yaMIRBQJV1WvNTbQ6PzkvbDCmLXB83', 'pVj6rVzAJBI73km8RbpXfMRPMVAGk5CL8zWAl', '3g6Z8gqJWRFg41q38GMAC1qE8JGlQRuZxLBkk', 'AUTOMATIC PAYMENT - THANK', 2078.50,	'Money-Out',	'2023-08-07 07:00:00+00'),
  ('mV46lVqAeKIGk6wvbV9JFZXR3WgQZ5FgjDr6P', 'pVj6rVzAJBI73km8RbpXfMRPMVAGk5CL8zWAl', '3g6Z8gqJWRFg41q38GMAC1qE8JGlQRuZxLBkk', 'Touchstone Climbing', 78.50,	'Money-Out',	'2023-07-27 07:00:00+00'),
  ('3g6Z8gqJWRFg41q38GMAC1qJX6rjvVcZ6pRJL', 'pVj6rVzAJBI73km8RbpXfMRPMVAGk5CL8zWAl', 'zqg6jq7z4eIaxy5QXzrefGLn19EPlDslnKzxP', 'Uber 072515 SF**POOL**',	6.33,	'Money-Out',	'2023-07-12 07:00:00+00'),
  ('xVp6NVPKdjIrLz7ZmxK8U4Nn9yLdR6C6joBwX', 'pVj6rVzAJBI73km8RbpXfMRPMVAGk5CL8zWAl', 'zqg6jq7z4eIaxy5QXzrefGLn19EPlDslnKzxP', 'Uber 063015 SF**POOL**',	5.40,	'Money-Out',	'2023-06-29 07:00:00+00'),
  ('dVqRyVpZlLIAxl9VvEQZfQvG8qWRboIJKwaNo', 'pVj6rVzAJBI73km8RbpXfMRPMVAGk5CL8zWAl', 'zqg6jq7z4eIaxy5QXzrefGLn19EPlDslnKzxP', 'United Airlines', -500.00,	'Money-In',	'2023-06-27 07:00:00+00'),
  ('aVwRnVM7EZIXzdgV5lM6UMpdeP7q6DsZwq34R', 'pVj6rVzAJBI73km8RbpXfMRPMVAGk5CL8zWAl', 'zqg6jq7z4eIaxy5QXzrefGLn19EPlDslnKzxP', 'McDonalds',	12.00,	'Money-Out',	'2023-06-26 07:00:00+00'),
  ('48XAE8KZ3RhVNoKX8GzDc5AEZKQlwvIJzeM5d', 'pVj6rVzAJBI73km8RbpXfMRPMVAGk5CL8zWAl', 'zqg6jq7z4eIaxy5QXzrefGLn19EPlDslnKzxP', 'Starbucks',	4.33,	'Money-Out',	'2023-06-26 07:00:00+00'),
  ('N1pL41GPeEhQPzJbonjytjvk8neJ1pCydvKZy', 'pVj6rVzAJBI73km8RbpXfMRPMVAGk5CL8zWAl', 'zqg6jq7z4eIaxy5QXzrefGLn19EPlDslnKzxP', 'SparkFun',	89.40,	'Money-Out',	'2023-06-25 07:00:00+00'),
  ('PpgLPpq7ylh4M3mynekWTk8vAK1DypIoaDvdX', 'pVj6rVzAJBI73km8RbpXfMRPMVAGk5CL8zWAl', 'zqg6jq7z4eIaxy5QXzrefGLn19EPlDslnKzxP', 'Uber 072515 SF**POOL**',	6.33,	'Money-Out',	'2023-06-12 07:00:00+00'),
  ('jVxRDVA7eWIED7nvbdlwfr7GlN645Ac6d5A4Z', 'pVj6rVzAJBI73km8RbpXfMRPMVAGk5CL8zWAl', 'zqg6jq7z4eIaxy5QXzrefGLn19EPlDslnKzxP', 'Uber 063015 SF**POOL**',	5.40,	'Money-Out',	'2023-05-30 07:00:00+00'),
  ('7AwgGABXJKI37An485jDflnag4MZ1BudPWpQ1', 'pVj6rVzAJBI73km8RbpXfMRPMVAGk5CL8zWAl', 'zqg6jq7z4eIaxy5QXzrefGLn19EPlDslnKzxP', 'United Airlines', -500.00,	'Money-In',	'2023-05-28 07:00:00+00'),
  ('eVKR9VowqpIedPDVongZfgprykPRL5UrQNkDE', 'pVj6rVzAJBI73km8RbpXfMRPMVAGk5CL8zWAl', 'zqg6jq7z4eIaxy5QXzrefGLn19EPlDslnKzxP', 'McDonalds',	12.00,	'Money-Out',	'2023-05-27 07:00:00+00'),
  ('Qo8RjoKZeqHKAx6XngMRiM83qr1pzxswXxeoZ', 'pVj6rVzAJBI73km8RbpXfMRPMVAGk5CL8zWAl', 'zqg6jq7z4eIaxy5QXzrefGLn19EPlDslnKzxP', 'Starbucks',	4.33,	'Money-Out',	'2023-05-27 07:00:00+00'),
  ('ZV9koVNBx4I8AQZVnE76i7vd4P3eozsep5lLx', 'pVj6rVzAJBI73km8RbpXfMRPMVAGk5CL8zWAl', 'zqg6jq7z4eIaxy5QXzrefGLn19EPlDslnKzxP', 'SparkFun',	89.40,	'Money-Out',	'2023-05-26 07:00:00+00'),
  ('MMLnaMAP18hENrXwpklQfldyPVLXkpuLvByxk', 'pVj6rVzAJBI73km8RbpXfMRPMVAGk5CL8zWAl', 'zqg6jq7z4eIaxy5QXzrefGLn19EPlDslnKzxP', 'Uber 072515 SF**POOL**',	6.33,	'Money-Out',	'2023-05-13 07:00:00+00'),
  ('1pvAopGWeRhGXoNzQlZEFJkAbv8VMWupRgo7E', 'pVj6rVzAJBI73km8RbpXfMRPMVAGk5CL8zWAl', 'zqg6jq7z4eIaxy5QXzrefGLn19EPlDslnKzxP', 'Uber 063015 SF**POOL**',	5.40,	'Money-Out',	'2023-04-30 07:00:00+00'),
  ('LZ1AdZWPRkIJMK6GLZQzhQnawZX64KIkMba8z', 'pVj6rVzAJBI73km8RbpXfMRPMVAGk5CL8zWAl', 'zqg6jq7z4eIaxy5QXzrefGLn19EPlDslnKzxP', 'United Airlines', -500.00,	'Money-In',	'2023-04-28 07:00:00+00'),
  ('pVj6rVzAJBI73km8RbpXfMRyP8jJAVspG4ngy', 'pVj6rVzAJBI73km8RbpXfMRPMVAGk5CL8zWAl', 'zqg6jq7z4eIaxy5QXzrefGLn19EPlDslnKzxP', 'McDonalds',	12.00,	'Money-Out',	'2023-04-27 07:00:00+00'),
  ('oVP6KVryRzIzBk78bLXgtemjRqKzo6ioDay9J', 'pVj6rVzAJBI73km8RbpXfMRPMVAGk5CL8zWAl', 'zqg6jq7z4eIaxy5QXzrefGLn19EPlDslnKzxP', 'Starbucks',	4.33,	'Money-Out',	'2023-04-27 07:00:00+00'),
  ('gVzDRV87rgI34N6VwGx7fxNGaMw5qntEBb1Dv', 'pVj6rVzAJBI73km8RbpXfMRPMVAGk5CL8zWAl', 'zqg6jq7z4eIaxy5QXzrefGLn19EPlDslnKzxP', 'SparkFun',	89.40,	'Money-Out',	'2023-04-26 07:00:00+00'),
  ('8G5onG3ZxrcpGr5NlZ31uLPb7gazxniW6AmaD', 'pVj6rVzAJBI73km8RbpXfMRPMVAGk5CL8zWAl', 'zqg6jq7z4eIaxy5QXzrefGLn19EPlDslnKzxP', 'Uber 072515 SF**POOL**',	6.33,	'Money-Out',	'2023-04-13 07:00:00+00'),
  ('E4PLq413zQHlNGMajJR1IRDa34XobWi47wlQD', 'pVj6rVzAJBI73km8RbpXfMRPMVAGk5CL8zWAl', 'zqg6jq7z4eIaxy5QXzrefGLn19EPlDslnKzxP', 'Uber 063015 SF**POOL**',	5.40,	'Money-Out',	'2023-03-31 07:00:00+00'),
  ('WGbB1GdkoxcgA6mXdJ9VC9vKxJR84Gi68rE8p', 'pVj6rVzAJBI73km8RbpXfMRPMVAGk5CL8zWAl', 'zqg6jq7z4eIaxy5QXzrefGLn19EPlDslnKzxP', 'United Airlines', -500.00,	'Money-In',	'2023-03-29 07:00:00+00'),
  ('A3doD3eKlPFV7AMlaERkcn3QoxMDRWi9D7PDZ', 'pVj6rVzAJBI73km8RbpXfMRPMVAGk5CL8zWAl', 'zqg6jq7z4eIaxy5QXzrefGLn19EPlDslnKzxP', 'McDonalds',	12.00,	'Money-Out',	'2023-03-28 07:00:00+00'),
  ('GP7VrPpdGMUmQMpdeaB4uBJ3En94zAC6vl3vk', 'pVj6rVzAJBI73km8RbpXfMRPMVAGk5CL8zWAl', 'zqg6jq7z4eIaxy5QXzrefGLn19EPlDslnKzxP', 'Starbucks',	4.33,	'Money-Out',	'2023-03-28 07:00:00+00'),
  ('nVN6qVKAXrIoz87vbWmafq3P5zV186iARdbRn', 'pVj6rVzAJBI73km8RbpXfMRPMVAGk5CL8zWAl', 'zqg6jq7z4eIaxy5QXzrefGLn19EPlDslnKzxP', 'SparkFun',	89.40,	'Money-Out',	'2023-03-27 07:00:00+00'),
  ('bV5RbV1yaMIRBQJV1WvNTbQlamERL5Cmj5qj1', 'pVj6rVzAJBI73km8RbpXfMRPMVAGk5CL8zWAl', 'zqg6jq7z4eIaxy5QXzrefGLn19EPlDslnKzxP', 'Uber 072515 SF**POOL**',	6.33,	'Money-Out',	'2023-03-14 07:00:00+00'),
  ('mV46lVqAeKIGk6wvbV9JFZXGrwpLqoigNbJNz', 'pVj6rVzAJBI73km8RbpXfMRPMVAGk5CL8zWAl', 'zqg6jq7z4eIaxy5QXzrefGLn19EPlDslnKzxP', 'Uber 063015 SF**POOL**',	5.40,	'Money-Out',	'2023-03-01 07:00:00+00'),
  ('ylo6Pljra7Ia3BAwpWkefweV4BNMn7S4m9AmX', 'pVj6rVzAJBI73km8RbpXfMRPMVAGk5CL8zWAl', 'zqg6jq7z4eIaxy5QXzrefGLn19EPlDslnKzxP', 'United Airlines', -500.00,	'Money-In',	'2023-02-27 07:00:00+00'),
  ('9nlobnx6vzTvoAmPqRQbf8eprBJZ1nt41LD1D', 'pVj6rVzAJBI73km8RbpXfMRPMVAGk5CL8zWAl', 'zqg6jq7z4eIaxy5QXzrefGLn19EPlDslnKzxP', 'McDonalds',	12.00,	'Money-Out',	'2023-02-26 07:00:00+00'),
  ('1pvAopGWeRhGXoNzQlZEFJkAbv8VMWupRgoRr', 'pVj6rVzAJBI73km8RbpXfMRPMVAGk5CL8zWAl', 'zqg6jq7z4eIaxy5QXzrefGLn19EPlDslnKzxP', 'Starbucks',	4.33,	'Money-Out',	'2023-02-26 07:00:00+00'),
  ('LZ1AdZWPRkIJMK6GLZQzhQnawZX64KIkMbaMW', 'pVj6rVzAJBI73km8RbpXfMRPMVAGk5CL8zWAl', 'zqg6jq7z4eIaxy5QXzrefGLn19EPlDslnKzxP', 'SparkFun',	89.40,	'Money-Out',	'2023-02-25 07:00:00+00'),
  ('pVj6rVzAJBI73km8RbpXfMRyP8jJAVspG4nGl', 'pVj6rVzAJBI73km8RbpXfMRPMVAGk5CL8zWAl', 'zqg6jq7z4eIaxy5QXzrefGLn19EPlDslnKzxP', 'Uber 072515 SF**POOL**',	6.33,	'Money-Out',	'2023-02-12 07:00:00+00'),
  ('oVP6KVryRzIzBk78bLXgtemjRqKzo6ioDayD5', 'pVj6rVzAJBI73km8RbpXfMRPMVAGk5CL8zWAl', 'zqg6jq7z4eIaxy5QXzrefGLn19EPlDslnKzxP', 'Uber 063015 SF**POOL**',	5.40,	'Money-Out',	'2023-01-30 07:00:00+00'),
  ('gVzDRV87rgI34N6VwGx7fxNGaMw5qntEBb1B8', 'pVj6rVzAJBI73km8RbpXfMRPMVAGk5CL8zWAl', 'zqg6jq7z4eIaxy5QXzrefGLn19EPlDslnKzxP', 'United Airlines', -500.00,	'Money-In',	'2023-01-28 07:00:00+00'),
  ('8G5onG3ZxrcpGr5NlZ31uLPb7gazxniW6Am6o', 'pVj6rVzAJBI73km8RbpXfMRPMVAGk5CL8zWAl', 'zqg6jq7z4eIaxy5QXzrefGLn19EPlDslnKzxP', 'McDonalds',	12.00,	'Money-Out',	'2023-01-27 07:00:00+00'),
  ('E4PLq413zQHlNGMajJR1IRDa34XobWi47wl7q', 'pVj6rVzAJBI73km8RbpXfMRPMVAGk5CL8zWAl', 'zqg6jq7z4eIaxy5QXzrefGLn19EPlDslnKzxP', 'Starbucks',	4.33,	'Money-Out',	'2023-01-27 07:00:00+00'),
  ('WGbB1GdkoxcgA6mXdJ9VC9vKxJR84Gi68rE8G', 'pVj6rVzAJBI73km8RbpXfMRPMVAGk5CL8zWAl', 'zqg6jq7z4eIaxy5QXzrefGLn19EPlDslnKzxP', 'SparkFun',	89.40,	'Money-Out',	'2023-01-26 07:00:00+00'),
  ('A3doD3eKlPFV7AMlaERkcn3QoxMDRWi9D7PDX', 'pVj6rVzAJBI73km8RbpXfMRPMVAGk5CL8zWAl', 'zqg6jq7z4eIaxy5QXzrefGLn19EPlDslnKzxP', 'Uber 072515 SF**POOL**',	6.33,	'Money-Out',	'2023-01-13 07:00:00+00'),
  ('GP7VrPpdGMUmQMpdeaB4uBJ3En94zAC6vl3vl', 'pVj6rVzAJBI73km8RbpXfMRPMVAGk5CL8zWAl', 'zqg6jq7z4eIaxy5QXzrefGLn19EPlDslnKzxP', 'Uber 063015 SF**POOL**',	5.40,	'Money-Out',	'2022-12-31 07:00:00+00'),
  ('nVN6qVKAXrIoz87vbWmafq3P5zV186iARdbRo', 'pVj6rVzAJBI73km8RbpXfMRPMVAGk5CL8zWAl', 'zqg6jq7z4eIaxy5QXzrefGLn19EPlDslnKzxP', 'United Airlines', -500.00,	'Money-In',	'2022-12-29 07:00:00+00'),
  ('bV5RbV1yaMIRBQJV1WvNTbQlamERL5Cmj5qjk', 'pVj6rVzAJBI73km8RbpXfMRPMVAGk5CL8zWAl', 'zqg6jq7z4eIaxy5QXzrefGLn19EPlDslnKzxP', 'McDonalds',	12.00,	'Money-Out',	'2022-12-28 07:00:00+00'),
  ('mV46lVqAeKIGk6wvbV9JFZXGrwpLqoigNbJNm', 'pVj6rVzAJBI73km8RbpXfMRPMVAGk5CL8zWAl', 'zqg6jq7z4eIaxy5QXzrefGLn19EPlDslnKzxP', 'Starbucks',	4.33,	'Money-Out',	'2022-12-28 07:00:00+00'),
  ('ylo6Pljra7Ia3BAwpWkefweV4BNMn7S4m9Amd', 'pVj6rVzAJBI73km8RbpXfMRPMVAGk5CL8zWAl', 'zqg6jq7z4eIaxy5QXzrefGLn19EPlDslnKzxP', 'SparkFun',	89.40,	'Money-Out',	'2022-12-27 07:00:00+00'),
  ('9nlobnx6vzTvoAmPqRQbf8eprBJZ1nt41LD11', 'pVj6rVzAJBI73km8RbpXfMRPMVAGk5CL8zWAl', 'zqg6jq7z4eIaxy5QXzrefGLn19EPlDslnKzxP', 'Uber 072515 SF**POOL**',	6.33,	'Money-Out',	'2022-12-14 07:00:00+00'),
  ('vV16aV4lrNI5PKQv7ABMuQ9wgyRoA7IqmjRmd', 'pVj6rVzAJBI73km8RbpXfMRPMVAGk5CL8zWAl', 'zqg6jq7z4eIaxy5QXzrefGLn19EPlDslnKzxP', 'Uber 063015 SF**POOL**',	5.40,	'Money-Out',	'2022-12-01 07:00:00+00'),
  ('RgEl7grGeKFvAdkor8ljflx4K89waRuayK4yL', 'pVj6rVzAJBI73km8RbpXfMRPMVAGk5CL8zWAl', 'zqg6jq7z4eIaxy5QXzrefGLn19EPlDslnKzxP', 'United Airlines', -500.00,	'Money-In',	'2022-11-29 07:00:00+00'),
  ('6WVkAWzvwqimQAza8XqEu5Gw1oVyMgI8ZW3Za', 'pVj6rVzAJBI73km8RbpXfMRPMVAGk5CL8zWAl', 'zqg6jq7z4eIaxy5QXzrefGLn19EPlDslnKzxP', 'McDonalds',	12.00,	'Money-Out',	'2022-11-28 07:00:00+00'),
  ('Xnm3LnarNdTzM7vGmVWDtWbvRVDqjZcbZ4EZp', 'pVj6rVzAJBI73km8RbpXfMRPMVAGk5CL8zWAl', 'zqg6jq7z4eIaxy5QXzrefGLn19EPlDslnKzxP', 'Starbucks',	4.33,	'Money-Out',	'2022-11-28 07:00:00+00'),
  ('DaNElaMBrei9KbM4PXwztwELka4jxGS3DgQDz', 'pVj6rVzAJBI73km8RbpXfMRPMVAGk5CL8zWAl', 'zqg6jq7z4eIaxy5QXzrefGLn19EPlDslnKzxP', 'SparkFun',	89.40,	'Money-Out',	'2022-11-27 07:00:00+00'),
  ('VAnzMAxqX3I1DPkqnwmVumPK5wpJdlt914d1W', 'pVj6rVzAJBI73km8RbpXfMRPMVAGk5CL8zWAl', 'zqg6jq7z4eIaxy5QXzrefGLn19EPlDslnKzxP', 'Uber 072515 SF**POOL**',	6.33,	'Money-Out',	'2022-11-14 07:00:00+00'),
  ('wVL64VNqzPI95ykvQxXJt5MpdGkPlgIPwvVwP', 'pVj6rVzAJBI73km8RbpXfMRPMVAGk5CL8zWAl', 'zqg6jq7z4eIaxy5QXzrefGLn19EPlDslnKzxP', 'Uber 063015 SF**POOL**',	5.40,	'Money-Out',	'2022-11-01 07:00:00+00'),
  ('5EDXWEr5wlczPArdkJZDtkvAnP6Z5GI5lodlG', 'pVj6rVzAJBI73km8RbpXfMRPMVAGk5CL8zWAl', 'zqg6jq7z4eIaxy5QXzrefGLn19EPlDslnKzxP', 'United Airlines', -500.00,	'Money-In',	'2022-10-30 07:00:00+00'),
  ('JeZy3e8VGphL9lAyM84Kf4m5n7lX1pCB3EJ3o', 'pVj6rVzAJBI73km8RbpXfMRPMVAGk5CL8zWAl', 'zqg6jq7z4eIaxy5QXzrefGLn19EPlDslnKzxP', 'McDonalds',	12.00,	'Money-Out',	'2022-10-29 07:00:00+00'),
  ('k5dRV5GAeluBqMoveGZPF5W9XrDmVEILnBpn8', 'pVj6rVzAJBI73km8RbpXfMRPMVAGk5CL8zWAl', 'zqg6jq7z4eIaxy5QXzrefGLn19EPlDslnKzxP', 'Starbucks',	4.33,	'Money-Out',	'2022-10-29 07:00:00+00'),
  ('lVaRwVlAXkI6KDV89xpau3P4WkgqnMFpQy7QJ', 'pVj6rVzAJBI73km8RbpXfMRPMVAGk5CL8zWAl', 'zqg6jq7z4eIaxy5QXzrefGLn19EPlDslnKzxP', 'SparkFun',	89.40,	'Money-Out',	'2022-10-28 07:00:00+00'),
  ('qV76zVBAm3IBxo7vNXR5FKDE9lPbx6igGaMGL', 'pVj6rVzAJBI73km8RbpXfMRPMVAGk5CL8zWAl', 'zqg6jq7z4eIaxy5QXzrefGLn19EPlDslnKzxP', 'Uber 072515 SF**POOL**',	6.33,	'Money-Out',	'2022-10-15 07:00:00+00'),
  ('KQMLxQEPeoCXyqoV1vZgUZL6grpoBkiRqPNq5', 'pVj6rVzAJBI73km8RbpXfMRPMVAGk5CL8zWAl', 'zqg6jq7z4eIaxy5QXzrefGLn19EPlDslnKzxP', 'Uber 063015 SF**POOL**',	5.40,	'Money-Out',	'2022-10-02 07:00:00+00'),
  ('rVe6BV3wLxIkdZ6V7yLRiRpQKwrxozi74xM4m', 'pVj6rVzAJBI73km8RbpXfMRPMVAGk5CL8zWAl', 'zqg6jq7z4eIaxy5QXzrefGLn19EPlDslnKzxP', 'United Airlines', -500.00,	'Money-In',	'2022-09-30 07:00:00+00'),
  ('zqg6jq7z4eIaxy5QXzrefGL94VQqbjulr9mr6', 'pVj6rVzAJBI73km8RbpXfMRPMVAGk5CL8zWAl', 'zqg6jq7z4eIaxy5QXzrefGLn19EPlDslnKzxP', 'McDonalds',	12.00,	'Money-Out',	'2022-09-29 07:00:00+00'),
  ('BxaoVxQkqjIoyjbD4Aenf8mb79ydeEt4EPjEJ', 'pVj6rVzAJBI73km8RbpXfMRPMVAGk5CL8zWAl', 'zqg6jq7z4eIaxy5QXzrefGLn19EPlDslnKzxP', 'Starbucks',	4.33,	'Money-Out',	'2022-09-29 07:00:00+00'),
  ('3g6Z8gqJWRFg41q38GMAC1qJX6rjvVcZ6pR6K', 'pVj6rVzAJBI73km8RbpXfMRPMVAGk5CL8zWAl', 'zqg6jq7z4eIaxy5QXzrefGLn19EPlDslnKzxP', 'SparkFun',	89.40,	'Money-Out',	'2022-09-28 07:00:00+00'),
  ('xVp6NVPKdjIrLz7ZmxK8U4Nn9yLdR6C6joBj5', 'pVj6rVzAJBI73km8RbpXfMRPMVAGk5CL8zWAl', 'zqg6jq7z4eIaxy5QXzrefGLn19EPlDslnKzxP', 'Uber 072515 SF**POOL**',	6.33,	'Money-Out',	'2022-09-15 07:00:00+00'),
  ('dVqRyVpZlLIAxl9VvEQZfQvG8qWRboIJKwaKL', 'pVj6rVzAJBI73km8RbpXfMRPMVAGk5CL8zWAl', 'zqg6jq7z4eIaxy5QXzrefGLn19EPlDslnKzxP', 'Uber 063015 SF**POOL**',	5.40,	'Money-Out',	'2022-09-02 07:00:00+00'),
  ('aVwRnVM7EZIXzdgV5lM6UMpdeP7q6DsZwq3wy', 'pVj6rVzAJBI73km8RbpXfMRPMVAGk5CL8zWAl', 'zqg6jq7z4eIaxy5QXzrefGLn19EPlDslnKzxP', 'United Airlines', -500.00,	'Money-In',	'2022-08-31 07:00:00+00'),
  ('48XAE8KZ3RhVNoKX8GzDc5AEZKQlwvIJzeMzD', 'pVj6rVzAJBI73km8RbpXfMRPMVAGk5CL8zWAl', 'zqg6jq7z4eIaxy5QXzrefGLn19EPlDslnKzxP', 'McDonalds',	12.00,	'Money-Out',	'2022-08-30 07:00:00+00'),
  ('N1pL41GPeEhQPzJbonjytjvk8neJ1pCydvKwM', 'pVj6rVzAJBI73km8RbpXfMRPMVAGk5CL8zWAl', 'zqg6jq7z4eIaxy5QXzrefGLn19EPlDslnKzxP', 'Starbucks',	4.33,	'Money-Out',	'2022-08-30 07:00:00+00'),
  ('PpgLPpq7ylh4M3mynekWTk8vAK1DypIoaDvRG', 'pVj6rVzAJBI73km8RbpXfMRPMVAGk5CL8zWAl', 'zqg6jq7z4eIaxy5QXzrefGLn19EPlDslnKzxP', 'SparkFun',	89.40,	'Money-Out',	'2022-08-29 07:00:00+00'),
  ('jVxRDVA7eWIED7nvbdlwfr7GlN645Ac6d5AeD', 'pVj6rVzAJBI73km8RbpXfMRPMVAGk5CL8zWAl', 'zqg6jq7z4eIaxy5QXzrefGLn19EPlDslnKzxP', 'Uber 072515 SF**POOL**',	6.33,	'Money-Out',	'2022-08-16 07:00:00+00'),
  ('7AwgGABXJKI37An485jDflnag4MZ1BudPWpqm', 'pVj6rVzAJBI73km8RbpXfMRPMVAGk5CL8zWAl', 'zqg6jq7z4eIaxy5QXzrefGLn19EPlDslnKzxP', 'Uber 063015 SF**POOL**',	5.40,	'Money-Out',	'2022-08-03 07:00:00+00'),
  ('eVKR9VowqpIedPDVongZfgprykPRL5UrQNkGl', 'pVj6rVzAJBI73km8RbpXfMRPMVAGk5CL8zWAl', 'zqg6jq7z4eIaxy5QXzrefGLn19EPlDslnKzxP', 'United Airlines', -500.00,	'Money-In',	'2022-08-01 07:00:00+00'),
  ('Qo8RjoKZeqHKAx6XngMRiM83qr1pzxswXxeVE', 'pVj6rVzAJBI73km8RbpXfMRPMVAGk5CL8zWAl', 'zqg6jq7z4eIaxy5QXzrefGLn19EPlDslnKzxP', 'McDonalds',	12.00,	'Money-Out',	'2022-07-31 07:00:00+00'),
  ('ZV9koVNBx4I8AQZVnE76i7vd4P3eozsep5lBX', 'pVj6rVzAJBI73km8RbpXfMRPMVAGk5CL8zWAl', 'zqg6jq7z4eIaxy5QXzrefGLn19EPlDslnKzxP', 'Starbucks',	4.33,	'Money-Out',	'2022-07-31 07:00:00+00'),
  ('MMLnaMAP18hENrXwpklQfldyPVLXkpuLvByry', 'pVj6rVzAJBI73km8RbpXfMRPMVAGk5CL8zWAl', 'zqg6jq7z4eIaxy5QXzrefGLn19EPlDslnKzxP', 'SparkFun',	89.40,	'Money-Out',	'2022-07-30 07:00:00+00'),
  ('1pvAopGWeRhGXoNzQlZEFJkAbv8VMWupRgo1r', 'pVj6rVzAJBI73km8RbpXfMRPMVAGk5CL8zWAl', 'zqg6jq7z4eIaxy5QXzrefGLn19EPlDslnKzxP', 'Uber 072515 SF**POOL**',	6.33,	'Money-Out',	'2022-07-17 07:00:00+00'),
  ('LZ1AdZWPRkIJMK6GLZQzhQnawZX64KIkMba5W', 'pVj6rVzAJBI73km8RbpXfMRPMVAGk5CL8zWAl', 'zqg6jq7z4eIaxy5QXzrefGLn19EPlDslnKzxP', 'Uber 063015 SF**POOL**',	5.40,	'Money-Out',	'2022-07-04 07:00:00+00'),
  ('pVj6rVzAJBI73km8RbpXfMRyP8jJAVspG4ndl', 'pVj6rVzAJBI73km8RbpXfMRPMVAGk5CL8zWAl', 'zqg6jq7z4eIaxy5QXzrefGLn19EPlDslnKzxP', 'United Airlines', -500.00,	'Money-In',	'2022-07-02 07:00:00+00'),
  ('oVP6KVryRzIzBk78bLXgtemjRqKzo6ioDaym5', 'pVj6rVzAJBI73km8RbpXfMRPMVAGk5CL8zWAl', 'zqg6jq7z4eIaxy5QXzrefGLn19EPlDslnKzxP', 'McDonalds',	12.00,	'Money-Out',	'2022-07-01 07:00:00+00'),
  ('gVzDRV87rgI34N6VwGx7fxNGaMw5qntEBb1J8', 'pVj6rVzAJBI73km8RbpXfMRPMVAGk5CL8zWAl', 'zqg6jq7z4eIaxy5QXzrefGLn19EPlDslnKzxP', 'Starbucks',	4.33,	'Money-Out',	'2022-07-01 07:00:00+00'),
  ('8G5onG3ZxrcpGr5NlZ31uLPb7gazxniW6AmBo', 'pVj6rVzAJBI73km8RbpXfMRPMVAGk5CL8zWAl', 'zqg6jq7z4eIaxy5QXzrefGLn19EPlDslnKzxP', 'SparkFun',	89.40,	'Money-Out',	'2022-06-30 07:00:00+00'),
  ('E4PLq413zQHlNGMajJR1IRDa34XobWi47wlNq', 'pVj6rVzAJBI73km8RbpXfMRPMVAGk5CL8zWAl', 'zqg6jq7z4eIaxy5QXzrefGLn19EPlDslnKzxP', 'Uber 072515 SF**POOL**',	6.33,	'Money-Out',	'2022-06-17 07:00:00+00'),
  ('WGbB1GdkoxcgA6mXdJ9VC9vKxJR84Gi68rEVG', 'pVj6rVzAJBI73km8RbpXfMRPMVAGk5CL8zWAl', 'zqg6jq7z4eIaxy5QXzrefGLn19EPlDslnKzxP', 'Uber 063015 SF**POOL**',	5.40,	'Money-Out',	'2022-06-04 07:00:00+00'),
  ('A3doD3eKlPFV7AMlaERkcn3QoxMDRWi9D7PmX', 'pVj6rVzAJBI73km8RbpXfMRPMVAGk5CL8zWAl', 'zqg6jq7z4eIaxy5QXzrefGLn19EPlDslnKzxP', 'United Airlines', -500.00,	'Money-In',	'2022-06-02 07:00:00+00'),
  ('GP7VrPpdGMUmQMpdeaB4uBJ3En94zAC6vl3dl', 'pVj6rVzAJBI73km8RbpXfMRPMVAGk5CL8zWAl', 'zqg6jq7z4eIaxy5QXzrefGLn19EPlDslnKzxP', 'McDonalds',	12.00,	'Money-Out',	'2022-06-01 07:00:00+00'),
  ('nVN6qVKAXrIoz87vbWmafq3P5zV186iARdb4o', 'pVj6rVzAJBI73km8RbpXfMRPMVAGk5CL8zWAl', 'zqg6jq7z4eIaxy5QXzrefGLn19EPlDslnKzxP', 'Starbucks',	4.33,	'Money-Out',	'2022-06-01 07:00:00+00'),
  ('bV5RbV1yaMIRBQJV1WvNTbQlamERL5Cmj5qek', 'pVj6rVzAJBI73km8RbpXfMRPMVAGk5CL8zWAl', 'zqg6jq7z4eIaxy5QXzrefGLn19EPlDslnKzxP', 'SparkFun',	89.40,	'Money-Out',	'2022-05-31 07:00:00+00'),
  ('mV46lVqAeKIGk6wvbV9JFZXGrwpLqoigNbJam', 'pVj6rVzAJBI73km8RbpXfMRPMVAGk5CL8zWAl', 'zqg6jq7z4eIaxy5QXzrefGLn19EPlDslnKzxP', 'Uber 072515 SF**POOL**',	6.33,	'Money-Out',	'2022-05-18 07:00:00+00'),
  ('ylo6Pljra7Ia3BAwpWkefweV4BNMn7S4m9ABd', 'pVj6rVzAJBI73km8RbpXfMRPMVAGk5CL8zWAl', 'zqg6jq7z4eIaxy5QXzrefGLn19EPlDslnKzxP', 'Uber 063015 SF**POOL**',	5.40,	'Money-Out',	'2022-05-05 07:00:00+00'),
  ('9nlobnx6vzTvoAmPqRQbf8eprBJZ1nt41LD61', 'pVj6rVzAJBI73km8RbpXfMRPMVAGk5CL8zWAl', 'zqg6jq7z4eIaxy5QXzrefGLn19EPlDslnKzxP', 'United Airlines', -500.00,	'Money-In',	'2022-05-03 07:00:00+00'),
  ('vV16aV4lrNI5PKQv7ABMuQ9wgyRoA7IqmjRdd', 'pVj6rVzAJBI73km8RbpXfMRPMVAGk5CL8zWAl', 'zqg6jq7z4eIaxy5QXzrefGLn19EPlDslnKzxP', 'McDonalds',	12.00,	'Money-Out',	'2022-05-02 07:00:00+00'),
  ('RgEl7grGeKFvAdkor8ljflx4K89waRuayK4EL', 'pVj6rVzAJBI73km8RbpXfMRPMVAGk5CL8zWAl', 'zqg6jq7z4eIaxy5QXzrefGLn19EPlDslnKzxP', 'Starbucks',	4.33,	'Money-Out',	'2022-05-02 07:00:00+00'),
  ('6WVkAWzvwqimQAza8XqEu5Gw1oVyMgI8ZW35a', 'pVj6rVzAJBI73km8RbpXfMRPMVAGk5CL8zWAl', 'zqg6jq7z4eIaxy5QXzrefGLn19EPlDslnKzxP', 'SparkFun',	89.40,	'Money-Out',	'2022-05-01 07:00:00+00'),
  ('Xnm3LnarNdTzM7vGmVWDtWbvRVDqjZcbZ4Eap', 'pVj6rVzAJBI73km8RbpXfMRPMVAGk5CL8zWAl', 'zqg6jq7z4eIaxy5QXzrefGLn19EPlDslnKzxP', 'Uber 072515 SF**POOL**',	6.33,	'Money-Out',	'2022-04-18 07:00:00+00'),
  ('DaNElaMBrei9KbM4PXwztwELka4jxGS3DgQMz', 'pVj6rVzAJBI73km8RbpXfMRPMVAGk5CL8zWAl', 'zqg6jq7z4eIaxy5QXzrefGLn19EPlDslnKzxP', 'Uber 063015 SF**POOL**',	5.40,	'Money-Out',	'2022-04-05 07:00:00+00'),
  ('VAnzMAxqX3I1DPkqnwmVumPK5wpJdlt914drW', 'pVj6rVzAJBI73km8RbpXfMRPMVAGk5CL8zWAl', 'zqg6jq7z4eIaxy5QXzrefGLn19EPlDslnKzxP', 'United Airlines', -500.00,	'Money-In',	'2022-04-03 07:00:00+00'),
  ('wVL64VNqzPI95ykvQxXJt5MpdGkPlgIPwvV8P', 'pVj6rVzAJBI73km8RbpXfMRPMVAGk5CL8zWAl', 'zqg6jq7z4eIaxy5QXzrefGLn19EPlDslnKzxP', 'McDonalds',	12.00,	'Money-Out',	'2022-04-02 07:00:00+00'),
  ('5EDXWEr5wlczPArdkJZDtkvAnP6Z5GI5lodmG', 'pVj6rVzAJBI73km8RbpXfMRPMVAGk5CL8zWAl', 'zqg6jq7z4eIaxy5QXzrefGLn19EPlDslnKzxP', 'Starbucks',	4.33,	'Money-Out',	'2022-04-02 07:00:00+00'),
  ('JeZy3e8VGphL9lAyM84Kf4m5n7lX1pCB3EJPo', 'pVj6rVzAJBI73km8RbpXfMRPMVAGk5CL8zWAl', 'zqg6jq7z4eIaxy5QXzrefGLn19EPlDslnKzxP', 'SparkFun',	89.40,	'Money-Out',	'2022-04-01 07:00:00+00'),
  ('k5dRV5GAeluBqMoveGZPF5W9XrDmVEILnBpv8', 'pVj6rVzAJBI73km8RbpXfMRPMVAGk5CL8zWAl', 'zqg6jq7z4eIaxy5QXzrefGLn19EPlDslnKzxP', 'Uber 072515 SF**POOL**',	6.33,	'Money-Out',	'2022-03-19 07:00:00+00'),
  ('lVaRwVlAXkI6KDV89xpau3P4WkgqnMFpQy7xJ', 'pVj6rVzAJBI73km8RbpXfMRPMVAGk5CL8zWAl', 'zqg6jq7z4eIaxy5QXzrefGLn19EPlDslnKzxP', 'Uber 063015 SF**POOL**',	5.40,	'Money-Out',	'2022-03-06 07:00:00+00'),
  ('qV76zVBAm3IBxo7vNXR5FKDE9lPbx6igGaM3L', 'pVj6rVzAJBI73km8RbpXfMRPMVAGk5CL8zWAl', 'zqg6jq7z4eIaxy5QXzrefGLn19EPlDslnKzxP', 'United Airlines', -500.00,	'Money-In',	'2022-03-04 07:00:00+00'),
  ('KQMLxQEPeoCXyqoV1vZgUZL6grpoBkiRqPNQ5', 'pVj6rVzAJBI73km8RbpXfMRPMVAGk5CL8zWAl', 'zqg6jq7z4eIaxy5QXzrefGLn19EPlDslnKzxP', 'McDonalds',	12.00,	'Money-Out',	'2022-03-03 07:00:00+00'),
  ('rVe6BV3wLxIkdZ6V7yLRiRpQKwrxozi74xMzm', 'pVj6rVzAJBI73km8RbpXfMRPMVAGk5CL8zWAl', 'zqg6jq7z4eIaxy5QXzrefGLn19EPlDslnKzxP', 'Starbucks',	4.33,	'Money-Out',	'2022-03-03 07:00:00+00'),
  ('zqg6jq7z4eIaxy5QXzrefGL94VQqbjulr9mn6', 'pVj6rVzAJBI73km8RbpXfMRPMVAGk5CL8zWAl', 'zqg6jq7z4eIaxy5QXzrefGLn19EPlDslnKzxP', 'SparkFun',	89.40,	'Money-Out',	'2022-03-02 07:00:00+00'),
  ('BxaoVxQkqjIoyjbD4Aenf8mb79ydeEt4EPjlJ', 'pVj6rVzAJBI73km8RbpXfMRPMVAGk5CL8zWAl', 'zqg6jq7z4eIaxy5QXzrefGLn19EPlDslnKzxP', 'Uber 072515 SF**POOL**',	6.33,	'Money-Out',	'2022-02-17 07:00:00+00'),
  ('3g6Z8gqJWRFg41q38GMAC1qJX6rjvVcZ6pRxK', 'pVj6rVzAJBI73km8RbpXfMRPMVAGk5CL8zWAl', 'zqg6jq7z4eIaxy5QXzrefGLn19EPlDslnKzxP', 'Uber 063015 SF**POOL**',	5.40,	'Money-Out',	'2022-02-04 07:00:00+00'),
  ('xVp6NVPKdjIrLz7ZmxK8U4Nn9yLdR6C6joBb5', 'pVj6rVzAJBI73km8RbpXfMRPMVAGk5CL8zWAl', 'zqg6jq7z4eIaxy5QXzrefGLn19EPlDslnKzxP', 'United Airlines', -500.00,	'Money-In',	'2022-02-02 07:00:00+00'),
  ('dVqRyVpZlLIAxl9VvEQZfQvG8qWRboIJKwapL', 'pVj6rVzAJBI73km8RbpXfMRPMVAGk5CL8zWAl', 'zqg6jq7z4eIaxy5QXzrefGLn19EPlDslnKzxP', 'McDonalds',	12.00,	'Money-Out',	'2022-02-01 07:00:00+00'),
  ('aVwRnVM7EZIXzdgV5lM6UMpdeP7q6DsZwq3My', 'pVj6rVzAJBI73km8RbpXfMRPMVAGk5CL8zWAl', 'zqg6jq7z4eIaxy5QXzrefGLn19EPlDslnKzxP', 'Starbucks',	4.33,	'Money-Out',	'2022-02-01 07:00:00+00'),
  ('48XAE8KZ3RhVNoKX8GzDc5AEZKQlwvIJzeMPD', 'pVj6rVzAJBI73km8RbpXfMRPMVAGk5CL8zWAl', 'zqg6jq7z4eIaxy5QXzrefGLn19EPlDslnKzxP', 'SparkFun',	89.40,	'Money-Out',	'2022-01-31 07:00:00+00'),
  ('N1pL41GPeEhQPzJbonjytjvk8neJ1pCydvKzM', 'pVj6rVzAJBI73km8RbpXfMRPMVAGk5CL8zWAl', 'zqg6jq7z4eIaxy5QXzrefGLn19EPlDslnKzxP', 'Uber 072515 SF**POOL**',	6.33,	'Money-Out',	'2022-01-18 07:00:00+00'),
  ('PpgLPpq7ylh4M3mynekWTk8vAK1DypIoaDvnG', 'pVj6rVzAJBI73km8RbpXfMRPMVAGk5CL8zWAl', 'zqg6jq7z4eIaxy5QXzrefGLn19EPlDslnKzxP', 'Uber 063015 SF**POOL**',	5.40,	'Money-Out',	'2022-01-05 07:00:00+00'),
  ('jVxRDVA7eWIED7nvbdlwfr7GlN645Ac6d5AjD', 'pVj6rVzAJBI73km8RbpXfMRPMVAGk5CL8zWAl', 'zqg6jq7z4eIaxy5QXzrefGLn19EPlDslnKzxP', 'United Airlines', -500.00,	'Money-In',	'2022-01-03 07:00:00+00'),
  ('7AwgGABXJKI37An485jDflnag4MZ1BudPWpam', 'pVj6rVzAJBI73km8RbpXfMRPMVAGk5CL8zWAl', 'zqg6jq7z4eIaxy5QXzrefGLn19EPlDslnKzxP', 'McDonalds',	12.00,	'Money-Out',	'2022-01-02 07:00:00+00'),
  ('eVKR9VowqpIedPDVongZfgprykPRL5UrQNkXl', 'pVj6rVzAJBI73km8RbpXfMRPMVAGk5CL8zWAl', 'zqg6jq7z4eIaxy5QXzrefGLn19EPlDslnKzxP', 'Starbucks',	4.33,	'Money-Out',	'2022-01-02 07:00:00+00'),
  ('Qo8RjoKZeqHKAx6XngMRiM83qr1pzxswXxenE', 'pVj6rVzAJBI73km8RbpXfMRPMVAGk5CL8zWAl', 'zqg6jq7z4eIaxy5QXzrefGLn19EPlDslnKzxP', 'SparkFun',	89.40,	'Money-Out',	'2022-01-01 07:00:00+00'),
  ('ZV9koVNBx4I8AQZVnE76i7vd4P3eozsep5lvX', 'pVj6rVzAJBI73km8RbpXfMRPMVAGk5CL8zWAl', 'zqg6jq7z4eIaxy5QXzrefGLn19EPlDslnKzxP', 'Uber 072515 SF**POOL**',	6.33,	'Money-Out',	'2021-12-19 07:00:00+00'),
  ('MMLnaMAP18hENrXwpklQfldyPVLXkpuLvBy5y', 'pVj6rVzAJBI73km8RbpXfMRPMVAGk5CL8zWAl', 'zqg6jq7z4eIaxy5QXzrefGLn19EPlDslnKzxP', 'Uber 063015 SF**POOL**',	5.40,	'Money-Out',	'2021-12-06 07:00:00+00'),
  ('1pvAopGWeRhGXoNzQlZEFJkAbv8VMWupRgoar', 'pVj6rVzAJBI73km8RbpXfMRPMVAGk5CL8zWAl', 'zqg6jq7z4eIaxy5QXzrefGLn19EPlDslnKzxP', 'United Airlines', -500.00,	'Money-In',	'2021-12-04 07:00:00+00'),
  ('LZ1AdZWPRkIJMK6GLZQzhQnawZX64KIkMbamW', 'pVj6rVzAJBI73km8RbpXfMRPMVAGk5CL8zWAl', 'zqg6jq7z4eIaxy5QXzrefGLn19EPlDslnKzxP', 'McDonalds',	12.00,	'Money-Out',	'2021-12-03 07:00:00+00'),
  ('pVj6rVzAJBI73km8RbpXfMRyP8jJAVspG4nql', 'pVj6rVzAJBI73km8RbpXfMRPMVAGk5CL8zWAl', 'zqg6jq7z4eIaxy5QXzrefGLn19EPlDslnKzxP', 'Starbucks',	4.33,	'Money-Out',	'2021-12-03 07:00:00+00'),
  ('oVP6KVryRzIzBk78bLXgtemjRqKzo6ioDayP5', 'pVj6rVzAJBI73km8RbpXfMRPMVAGk5CL8zWAl', 'zqg6jq7z4eIaxy5QXzrefGLn19EPlDslnKzxP', 'SparkFun',	89.40,	'Money-Out',	'2021-12-02 07:00:00+00'),
  ('gVzDRV87rgI34N6VwGx7fxNGaMw5qntEBb1G8', 'pVj6rVzAJBI73km8RbpXfMRPMVAGk5CL8zWAl', 'zqg6jq7z4eIaxy5QXzrefGLn19EPlDslnKzxP', 'Uber 072515 SF**POOL**',	6.33,	'Money-Out',	'2021-11-19 07:00:00+00'),
  ('8G5onG3ZxrcpGr5NlZ31uLPb7gazxniW6AmRo', 'pVj6rVzAJBI73km8RbpXfMRPMVAGk5CL8zWAl', 'zqg6jq7z4eIaxy5QXzrefGLn19EPlDslnKzxP', 'Uber 063015 SF**POOL**',	5.40,	'Money-Out',	'2021-11-06 07:00:00+00'),
  ('E4PLq413zQHlNGMajJR1IRDa34XobWi47wlMq', 'pVj6rVzAJBI73km8RbpXfMRPMVAGk5CL8zWAl', 'zqg6jq7z4eIaxy5QXzrefGLn19EPlDslnKzxP', 'United Airlines', -500.00,	'Money-In',	'2021-11-04 07:00:00+00'),
  ('WGbB1GdkoxcgA6mXdJ9VC9vKxJR84Gi68rE5G', 'pVj6rVzAJBI73km8RbpXfMRPMVAGk5CL8zWAl', 'zqg6jq7z4eIaxy5QXzrefGLn19EPlDslnKzxP', 'McDonalds',	12.00,	'Money-Out',	'2021-11-03 07:00:00+00'),
  ('A3doD3eKlPFV7AMlaERkcn3QoxMDRWi9D7PkX', 'pVj6rVzAJBI73km8RbpXfMRPMVAGk5CL8zWAl', 'zqg6jq7z4eIaxy5QXzrefGLn19EPlDslnKzxP', 'Starbucks',	4.33,	'Money-Out',	'2021-11-03 07:00:00+00'),
  ('GP7VrPpdGMUmQMpdeaB4uBJ3En94zAC6vl3Ll', 'pVj6rVzAJBI73km8RbpXfMRPMVAGk5CL8zWAl', 'zqg6jq7z4eIaxy5QXzrefGLn19EPlDslnKzxP', 'SparkFun',	89.40,	'Money-Out',	'2021-11-02 07:00:00+00'),
  ('nVN6qVKAXrIoz87vbWmafq3P5zV186iARdbXo', 'pVj6rVzAJBI73km8RbpXfMRPMVAGk5CL8zWAl', 'zqg6jq7z4eIaxy5QXzrefGLn19EPlDslnKzxP', 'Uber 072515 SF**POOL**',	6.33,	'Money-Out',	'2021-10-20 07:00:00+00'),
  ('bV5RbV1yaMIRBQJV1WvNTbQlamERL5Cmj5qJk', 'pVj6rVzAJBI73km8RbpXfMRPMVAGk5CL8zWAl', 'zqg6jq7z4eIaxy5QXzrefGLn19EPlDslnKzxP', 'Uber 063015 SF**POOL**',	5.40,	'Money-Out',	'2021-10-07 07:00:00+00'),
  ('mV46lVqAeKIGk6wvbV9JFZXGrwpLqoigNbJlm', 'pVj6rVzAJBI73km8RbpXfMRPMVAGk5CL8zWAl', 'zqg6jq7z4eIaxy5QXzrefGLn19EPlDslnKzxP', 'United Airlines', -500.00,	'Money-In',	'2021-10-05 07:00:00+00'),
  ('ylo6Pljra7Ia3BAwpWkefweV4BNMn7S4m9AZd', 'pVj6rVzAJBI73km8RbpXfMRPMVAGk5CL8zWAl', 'zqg6jq7z4eIaxy5QXzrefGLn19EPlDslnKzxP', 'McDonalds',	12.00,	'Money-Out',	'2021-10-04 07:00:00+00'),
  ('9nlobnx6vzTvoAmPqRQbf8eprBJZ1nt41LD31', 'pVj6rVzAJBI73km8RbpXfMRPMVAGk5CL8zWAl', 'zqg6jq7z4eIaxy5QXzrefGLn19EPlDslnKzxP', 'Starbucks',	4.33,	'Money-Out',	'2021-10-04 07:00:00+00'),
  ('1pvAopGWeRhGXoNzQlZEFJkAbv8VMWupRgoa1', 'pVj6rVzAJBI73km8RbpXfMRPMVAGk5CL8zWAl', 'zqg6jq7z4eIaxy5QXzrefGLn19EPlDslnKzxP', 'SparkFun',	89.40,	'Money-Out',	'2021-10-03 07:00:00+00'),
  ('LZ1AdZWPRkIJMK6GLZQzhQnawZX64KIkMbamm', 'pVj6rVzAJBI73km8RbpXfMRPMVAGk5CL8zWAl', 'zqg6jq7z4eIaxy5QXzrefGLn19EPlDslnKzxP', 'Uber 072515 SF**POOL**',	6.33,	'Money-Out',	'2021-09-20 07:00:00+00'),
  ('pVj6rVzAJBI73km8RbpXfMRyP8jJAVspG4nq6', 'pVj6rVzAJBI73km8RbpXfMRPMVAGk5CL8zWAl', 'zqg6jq7z4eIaxy5QXzrefGLn19EPlDslnKzxP', 'Uber 063015 SF**POOL**',	5.40,	'Money-Out',	'2021-09-07 07:00:00+00'),
  ('oVP6KVryRzIzBk78bLXgtemjRqKzo6ioDayP4', 'pVj6rVzAJBI73km8RbpXfMRPMVAGk5CL8zWAl', 'zqg6jq7z4eIaxy5QXzrefGLn19EPlDslnKzxP', 'United Airlines', -500.00,	'Money-In',	'2021-09-05 07:00:00+00'),
  ('gVzDRV87rgI34N6VwGx7fxNGaMw5qntEBb1Gl', 'pVj6rVzAJBI73km8RbpXfMRPMVAGk5CL8zWAl', 'zqg6jq7z4eIaxy5QXzrefGLn19EPlDslnKzxP', 'McDonalds',	12.00,	'Money-Out',	'2021-09-04 07:00:00+00'),
  ('8G5onG3ZxrcpGr5NlZ31uLPb7gazxniW6AmRw', 'pVj6rVzAJBI73km8RbpXfMRPMVAGk5CL8zWAl', 'zqg6jq7z4eIaxy5QXzrefGLn19EPlDslnKzxP', 'Starbucks',	4.33,	'Money-Out',	'2021-09-04 07:00:00+00'),
  ('E4PLq413zQHlNGMajJR1IRDa34XobWi47wlM4', 'pVj6rVzAJBI73km8RbpXfMRPMVAGk5CL8zWAl', 'zqg6jq7z4eIaxy5QXzrefGLn19EPlDslnKzxP', 'SparkFun',	89.40,	'Money-Out',	'2021-09-03 07:00:00+00'),
  ('GP7VrPpdGMUmQMpdeaB4uBJ3En94zAC6vl3Ln', 'pVj6rVzAJBI73km8RbpXfMRPMVAGk5CL8zWAl', 'BxaoVxQkqjIoyjbD4Aenf8mMpb6XLQi4l1Qd3', 'CREDIT CARD 3333 PAYMENT',	25.00,	'Money-Out',	'2023-06-29 07:00:00+00'),
  ('nVN6qVKAXrIoz87vbWmafq3P5zV186iARdbXE', 'pVj6rVzAJBI73km8RbpXfMRPMVAGk5CL8zWAl', 'BxaoVxQkqjIoyjbD4Aenf8mMpb6XLQi4l1Qd3', 'INTRST PYMNT', -4.22, 'Transfer', '2023-06-24 07:00:00+00'),
  ('bV5RbV1yaMIRBQJV1WvNTbQlamERL5Cmj5qJE', 'pVj6rVzAJBI73km8RbpXfMRPMVAGk5CL8zWAl', 'BxaoVxQkqjIoyjbD4Aenf8mMpb6XLQi4l1Qd3', 'CREDIT CARD 3333 PAYMENT',	25.00,	'Money-Out',	'2023-05-30 07:00:00+00'),
  ('mV46lVqAeKIGk6wvbV9JFZXGrwpLqoigNbJlr', 'pVj6rVzAJBI73km8RbpXfMRPMVAGk5CL8zWAl', 'BxaoVxQkqjIoyjbD4Aenf8mMpb6XLQi4l1Qd3', 'INTRST PYMNT', -4.22, 'Transfer', '2023-05-25 07:00:00+00'),
  ('ylo6Pljra7Ia3BAwpWkefweV4BNMn7S4m9AZM', 'pVj6rVzAJBI73km8RbpXfMRPMVAGk5CL8zWAl', 'BxaoVxQkqjIoyjbD4Aenf8mMpb6XLQi4l1Qd3', 'CREDIT CARD 3333 PAYMENT',	25.00,	'Money-Out',	'2023-04-30 07:00:00+00'),
  ('9nlobnx6vzTvoAmPqRQbf8eprBJZ1nt41LD3M', 'pVj6rVzAJBI73km8RbpXfMRPMVAGk5CL8zWAl', 'BxaoVxQkqjIoyjbD4Aenf8mMpb6XLQi4l1Qd3', 'INTRST PYMNT', -4.22, 'Transfer', '2023-04-25 07:00:00+00'),
  ('vV16aV4lrNI5PKQv7ABMuQ9wgyRoA7IqmjRP7', 'pVj6rVzAJBI73km8RbpXfMRPMVAGk5CL8zWAl', 'BxaoVxQkqjIoyjbD4Aenf8mMpb6XLQi4l1Qd3', 'CREDIT CARD 3333 PAYMENT',	25.00,	'Money-Out',	'2023-03-31 07:00:00+00'),
  ('RgEl7grGeKFvAdkor8ljflx4K89waRuayK4Lr', 'pVj6rVzAJBI73km8RbpXfMRPMVAGk5CL8zWAl', 'BxaoVxQkqjIoyjbD4Aenf8mMpb6XLQi4l1Qd3', 'INTRST PYMNT', -4.22, 'Transfer', '2023-03-26 07:00:00+00'),
  ('6WVkAWzvwqimQAza8XqEu5Gw1oVyMgI8ZW3qE', 'pVj6rVzAJBI73km8RbpXfMRPMVAGk5CL8zWAl', 'BxaoVxQkqjIoyjbD4Aenf8mMpb6XLQi4l1Qd3', 'CREDIT CARD 3333 PAYMENT',	25.00,	'Money-Out',	'2023-03-01 07:00:00+00'),
  ('Xnm3LnarNdTzM7vGmVWDtWbvRVDqjZcbZ4Erw', 'pVj6rVzAJBI73km8RbpXfMRPMVAGk5CL8zWAl', 'BxaoVxQkqjIoyjbD4Aenf8mMpb6XLQi4l1Qd3', 'INTRST PYMNT', -4.22, 'Transfer', '2023-02-24 07:00:00+00'),
  ('DaNElaMBrei9KbM4PXwztwELka4jxGS3DgQrj', 'pVj6rVzAJBI73km8RbpXfMRPMVAGk5CL8zWAl', 'BxaoVxQkqjIoyjbD4Aenf8mMpb6XLQi4l1Qd3', 'CREDIT CARD 3333 PAYMENT',	25.00,	'Money-Out',	'2023-01-30 07:00:00+00'),
  ('VAnzMAxqX3I1DPkqnwmVumPK5wpJdlt914dv7', 'pVj6rVzAJBI73km8RbpXfMRPMVAGk5CL8zWAl', 'BxaoVxQkqjIoyjbD4Aenf8mMpb6XLQi4l1Qd3', 'INTRST PYMNT', -4.22, 'Transfer', '2023-01-25 07:00:00+00'),
  ('wVL64VNqzPI95ykvQxXJt5MpdGkPlgIPwvVyW', 'pVj6rVzAJBI73km8RbpXfMRPMVAGk5CL8zWAl', 'BxaoVxQkqjIoyjbD4Aenf8mMpb6XLQi4l1Qd3', 'CREDIT CARD 3333 PAYMENT',	25.00,	'Money-Out',	'2022-12-31 07:00:00+00'),
  ('5EDXWEr5wlczPArdkJZDtkvAnP6Z5GI5lod4R', 'pVj6rVzAJBI73km8RbpXfMRPMVAGk5CL8zWAl', 'BxaoVxQkqjIoyjbD4Aenf8mMpb6XLQi4l1Qd3', 'INTRST PYMNT', -4.22, 'Transfer', '2022-12-26 07:00:00+00'),
  ('JeZy3e8VGphL9lAyM84Kf4m5n7lX1pCB3EJKm', 'pVj6rVzAJBI73km8RbpXfMRPMVAGk5CL8zWAl', 'BxaoVxQkqjIoyjbD4Aenf8mMpb6XLQi4l1Qd3', 'CREDIT CARD 3333 PAYMENT',	25.00,	'Money-Out',	'2022-12-01 07:00:00+00'),
  ('k5dRV5GAeluBqMoveGZPF5W9XrDmVEILnBpGX', 'pVj6rVzAJBI73km8RbpXfMRPMVAGk5CL8zWAl', 'BxaoVxQkqjIoyjbD4Aenf8mMpb6XLQi4l1Qd3', 'INTRST PYMNT', -4.22, 'Transfer', '2022-11-26 07:00:00+00'),
  ('lVaRwVlAXkI6KDV89xpau3P4WkgqnMFpQy7ze', 'pVj6rVzAJBI73km8RbpXfMRPMVAGk5CL8zWAl', 'BxaoVxQkqjIoyjbD4Aenf8mMpb6XLQi4l1Qd3', 'CREDIT CARD 3333 PAYMENT',	25.00,	'Money-Out',	'2022-11-01 07:00:00+00'),
  ('qV76zVBAm3IBxo7vNXR5FKDE9lPbx6igGaMvk', 'pVj6rVzAJBI73km8RbpXfMRPMVAGk5CL8zWAl', 'BxaoVxQkqjIoyjbD4Aenf8mMpb6XLQi4l1Qd3', 'INTRST PYMNT', -4.22, 'Transfer', '2022-10-27 07:00:00+00'),
  ('KQMLxQEPeoCXyqoV1vZgUZL6grpoBkiRqPN7A', 'pVj6rVzAJBI73km8RbpXfMRPMVAGk5CL8zWAl', 'BxaoVxQkqjIoyjbD4Aenf8mMpb6XLQi4l1Qd3', 'CREDIT CARD 3333 PAYMENT',	25.00,	'Money-Out',	'2022-10-02 07:00:00+00'),
  ('rVe6BV3wLxIkdZ6V7yLRiRpQKwrxozi74xMWM', 'pVj6rVzAJBI73km8RbpXfMRPMVAGk5CL8zWAl', 'BxaoVxQkqjIoyjbD4Aenf8mMpb6XLQi4l1Qd3', 'INTRST PYMNT', -4.22, 'Transfer', '2022-09-27 07:00:00+00'),
  ('zqg6jq7z4eIaxy5QXzrefGL94VQqbjulr9mZQ', 'pVj6rVzAJBI73km8RbpXfMRPMVAGk5CL8zWAl', 'BxaoVxQkqjIoyjbD4Aenf8mMpb6XLQi4l1Qd3', 'CREDIT CARD 3333 PAYMENT',	25.00,	'Money-Out',	'2022-09-02 07:00:00+00'),
  ('BxaoVxQkqjIoyjbD4Aenf8mb79ydeEt4EPjRx', 'pVj6rVzAJBI73km8RbpXfMRPMVAGk5CL8zWAl', 'BxaoVxQkqjIoyjbD4Aenf8mMpb6XLQi4l1Qd3', 'INTRST PYMNT', -4.22, 'Transfer', '2022-08-28 07:00:00+00'),
  ('3g6Z8gqJWRFg41q38GMAC1qJX6rjvVcZ6pRvg', 'pVj6rVzAJBI73km8RbpXfMRPMVAGk5CL8zWAl', 'BxaoVxQkqjIoyjbD4Aenf8mMpb6XLQi4l1Qd3', 'CREDIT CARD 3333 PAYMENT',	25.00,	'Money-Out',	'2022-08-03 07:00:00+00'),
  ('xVp6NVPKdjIrLz7ZmxK8U4Nn9yLdR6C6joBXP', 'pVj6rVzAJBI73km8RbpXfMRPMVAGk5CL8zWAl', 'BxaoVxQkqjIoyjbD4Aenf8mMpb6XLQi4l1Qd3', 'INTRST PYMNT', -4.22, 'Transfer', '2022-07-29 07:00:00+00'),
  ('dVqRyVpZlLIAxl9VvEQZfQvG8qWRboIJKwadE', 'pVj6rVzAJBI73km8RbpXfMRPMVAGk5CL8zWAl', 'BxaoVxQkqjIoyjbD4Aenf8mMpb6XLQi4l1Qd3', 'CREDIT CARD 3333 PAYMENT',	25.00,	'Money-Out',	'2022-07-04 07:00:00+00'),
  ('aVwRnVM7EZIXzdgV5lM6UMpdeP7q6DsZwq3bm', 'pVj6rVzAJBI73km8RbpXfMRPMVAGk5CL8zWAl', 'BxaoVxQkqjIoyjbD4Aenf8mMpb6XLQi4l1Qd3', 'INTRST PYMNT', -4.22, 'Transfer', '2022-06-29 07:00:00+00'),
  ('48XAE8KZ3RhVNoKX8GzDc5AEZKQlwvIJzeMqQ', 'pVj6rVzAJBI73km8RbpXfMRPMVAGk5CL8zWAl', 'BxaoVxQkqjIoyjbD4Aenf8mMpb6XLQi4l1Qd3', 'CREDIT CARD 3333 PAYMENT',	25.00,	'Money-Out',	'2022-06-04 07:00:00+00'),
  ('N1pL41GPeEhQPzJbonjytjvk8neJ1pCydvKb1', 'pVj6rVzAJBI73km8RbpXfMRPMVAGk5CL8zWAl', 'BxaoVxQkqjIoyjbD4Aenf8mMpb6XLQi4l1Qd3', 'INTRST PYMNT', -4.22, 'Transfer', '2022-05-30 07:00:00+00'),
  ('PpgLPpq7ylh4M3mynekWTk8vAK1DypIoaDvbM', 'pVj6rVzAJBI73km8RbpXfMRPMVAGk5CL8zWAl', 'BxaoVxQkqjIoyjbD4Aenf8mMpb6XLQi4l1Qd3', 'CREDIT CARD 3333 PAYMENT',	25.00,	'Money-Out',	'2022-05-05 07:00:00+00'),
  ('jVxRDVA7eWIED7nvbdlwfr7GlN645Ac6d5Ak5', 'pVj6rVzAJBI73km8RbpXfMRPMVAGk5CL8zWAl', 'BxaoVxQkqjIoyjbD4Aenf8mMpb6XLQi4l1Qd3', 'INTRST PYMNT', -4.22, 'Transfer', '2022-04-30 07:00:00+00'),
  ('7AwgGABXJKI37An485jDflnag4MZ1BudPWpzZ', 'pVj6rVzAJBI73km8RbpXfMRPMVAGk5CL8zWAl', 'BxaoVxQkqjIoyjbD4Aenf8mMpb6XLQi4l1Qd3', 'CREDIT CARD 3333 PAYMENT',	25.00,	'Money-Out',	'2022-04-05 07:00:00+00'),
  ('eVKR9VowqpIedPDVongZfgprykPRL5UrQNkKb', 'pVj6rVzAJBI73km8RbpXfMRPMVAGk5CL8zWAl', 'BxaoVxQkqjIoyjbD4Aenf8mMpb6XLQi4l1Qd3', 'INTRST PYMNT', -4.22, 'Transfer', '2022-03-31 07:00:00+00'),
  ('Qo8RjoKZeqHKAx6XngMRiM83qr1pzxswXxeLM', 'pVj6rVzAJBI73km8RbpXfMRPMVAGk5CL8zWAl', 'BxaoVxQkqjIoyjbD4Aenf8mMpb6XLQi4l1Qd3', 'CREDIT CARD 3333 PAYMENT',	25.00,	'Money-Out',	'2022-03-06 07:00:00+00'),
  ('ZV9koVNBx4I8AQZVnE76i7vd4P3eozsep5lwL', 'pVj6rVzAJBI73km8RbpXfMRPMVAGk5CL8zWAl', 'BxaoVxQkqjIoyjbD4Aenf8mMpb6XLQi4l1Qd3', 'INTRST PYMNT', -4.22, 'Transfer', '2022-03-01 07:00:00+00'),
  ('MMLnaMAP18hENrXwpklQfldyPVLXkpuLvByAv', 'pVj6rVzAJBI73km8RbpXfMRPMVAGk5CL8zWAl', 'BxaoVxQkqjIoyjbD4Aenf8mMpb6XLQi4l1Qd3', 'CREDIT CARD 3333 PAYMENT',	25.00,	'Money-Out',	'2022-02-04 07:00:00+00'),
  ('1pvAopGWeRhGXoNzQlZEFJkAbv8VMWupRgoy1', 'pVj6rVzAJBI73km8RbpXfMRPMVAGk5CL8zWAl', 'BxaoVxQkqjIoyjbD4Aenf8mMpb6XLQi4l1Qd3', 'INTRST PYMNT', -4.22, 'Transfer', '2022-01-30 07:00:00+00'),
  ('LZ1AdZWPRkIJMK6GLZQzhQnawZX64KIkMba4m', 'pVj6rVzAJBI73km8RbpXfMRPMVAGk5CL8zWAl', 'BxaoVxQkqjIoyjbD4Aenf8mMpb6XLQi4l1Qd3', 'CREDIT CARD 3333 PAYMENT',	25.00,	'Money-Out',	'2022-01-05 07:00:00+00'),
  ('pVj6rVzAJBI73km8RbpXfMRyP8jJAVspG4n66', 'pVj6rVzAJBI73km8RbpXfMRPMVAGk5CL8zWAl', 'BxaoVxQkqjIoyjbD4Aenf8mMpb6XLQi4l1Qd3', 'INTRST PYMNT', -4.22, 'Transfer', '2021-12-31 07:00:00+00'),
  ('oVP6KVryRzIzBk78bLXgtemjRqKzo6ioDayB4', 'pVj6rVzAJBI73km8RbpXfMRPMVAGk5CL8zWAl', 'BxaoVxQkqjIoyjbD4Aenf8mMpb6XLQi4l1Qd3', 'CREDIT CARD 3333 PAYMENT',	25.00,	'Money-Out',	'2021-12-06 07:00:00+00'),
  ('gVzDRV87rgI34N6VwGx7fxNGaMw5qntEBb1Zl', 'pVj6rVzAJBI73km8RbpXfMRPMVAGk5CL8zWAl', 'BxaoVxQkqjIoyjbD4Aenf8mMpb6XLQi4l1Qd3', 'INTRST PYMNT', -4.22, 'Transfer', '2021-12-01 07:00:00+00'),
  ('8G5onG3ZxrcpGr5NlZ31uLPb7gazxniW6AmQw', 'pVj6rVzAJBI73km8RbpXfMRPMVAGk5CL8zWAl', 'BxaoVxQkqjIoyjbD4Aenf8mMpb6XLQi4l1Qd3', 'CREDIT CARD 3333 PAYMENT',	25.00,	'Money-Out',	'2021-11-06 07:00:00+00'),
  ('E4PLq413zQHlNGMajJR1IRDa34XobWi47wlA4', 'pVj6rVzAJBI73km8RbpXfMRPMVAGk5CL8zWAl', 'BxaoVxQkqjIoyjbD4Aenf8mMpb6XLQi4l1Qd3', 'INTRST PYMNT', -4.22, 'Transfer', '2021-11-01 07:00:00+00'),
  ('WGbB1GdkoxcgA6mXdJ9VC9vKxJR84Gi68rENP', 'pVj6rVzAJBI73km8RbpXfMRPMVAGk5CL8zWAl', 'BxaoVxQkqjIoyjbD4Aenf8mMpb6XLQi4l1Qd3', 'CREDIT CARD 3333 PAYMENT',	25.00,	'Money-Out',	'2021-10-07 07:00:00+00'),
  ('A3doD3eKlPFV7AMlaERkcn3QoxMDRWi9D7PV6', 'pVj6rVzAJBI73km8RbpXfMRPMVAGk5CL8zWAl', 'BxaoVxQkqjIoyjbD4Aenf8mMpb6XLQi4l1Qd3', 'INTRST PYMNT', -4.22, 'Transfer', '2021-10-02 07:00:00+00'),
  ('GP7VrPpdGMUmQMpdeaB4uBJ3En94zAC6vl3Nn', 'pVj6rVzAJBI73km8RbpXfMRPMVAGk5CL8zWAl', 'BxaoVxQkqjIoyjbD4Aenf8mMpb6XLQi4l1Qd3', 'CREDIT CARD 3333 PAYMENT',	25.00,	'Money-Out',	'2021-09-07 07:00:00+00'),
  ('nVN6qVKAXrIoz87vbWmafq3P5zV186iARdb7E', 'pVj6rVzAJBI73km8RbpXfMRPMVAGk5CL8zWAl', 'BxaoVxQkqjIoyjbD4Aenf8mMpb6XLQi4l1Qd3', 'INTRST PYMNT', -4.22, 'Transfer', '2021-09-02 07:00:00+00'),
  ('6WVkAWzvwqimQAza8XqEu5Gw1oVyMgI8ZW3aE', 'pVj6rVzAJBI73km8RbpXfMRPMVAGk5CL8zWAl', '3g6Z8gqJWRFg41q38GMAC1qE8JGlQRuZxLBkk', 'United Airlines',	500.00,	'Money-Out',	'2023-07-14 07:00:00+00'),
  ('Xnm3LnarNdTzM7vGmVWDtWbvRVDqjZcbZ4EMw', 'pVj6rVzAJBI73km8RbpXfMRPMVAGk5CL8zWAl', '3g6Z8gqJWRFg41q38GMAC1qE8JGlQRuZxLBkk', 'Tectra Inc',	500.00,	'Money-Out',	'2023-07-09 07:00:00+00'),
  ('DaNElaMBrei9KbM4PXwztwELka4jxGS3DgQlj', 'pVj6rVzAJBI73km8RbpXfMRPMVAGk5CL8zWAl', '3g6Z8gqJWRFg41q38GMAC1qE8JGlQRuZxLBkk', 'Madison Bicycle Shop',	500.00,	'Money-Out',	'2023-07-08 07:00:00+00'),
  ('VAnzMAxqX3I1DPkqnwmVumPK5wpJdlt914d57', 'pVj6rVzAJBI73km8RbpXfMRPMVAGk5CL8zWAl', '3g6Z8gqJWRFg41q38GMAC1qE8JGlQRuZxLBkk', 'KFC',	500.00,	'Money-Out',	'2023-07-08 07:00:00+00'),
  ('wVL64VNqzPI95ykvQxXJt5MpdGkPlgIPwvVAW', 'pVj6rVzAJBI73km8RbpXfMRPMVAGk5CL8zWAl', '3g6Z8gqJWRFg41q38GMAC1qE8JGlQRuZxLBkk', 'AUTOMATIC PAYMENT - THANK',	2078.50,	'Money-Out',	'2023-07-08 07:00:00+00'),
  ('5EDXWEr5wlczPArdkJZDtkvAnP6Z5GI5lodzR', 'pVj6rVzAJBI73km8RbpXfMRPMVAGk5CL8zWAl', '3g6Z8gqJWRFg41q38GMAC1qE8JGlQRuZxLBkk', 'Touchstone Climbing',	78.50,	'Money-Out',	'2023-06-27 07:00:00+00'),
  ('JeZy3e8VGphL9lAyM84Kf4m5n7lX1pCB3EJpm', 'pVj6rVzAJBI73km8RbpXfMRPMVAGk5CL8zWAl', '3g6Z8gqJWRFg41q38GMAC1qE8JGlQRuZxLBkk', 'United Airlines',	500.00,	'Money-Out',	'2023-06-14 07:00:00+00'),
  ('k5dRV5GAeluBqMoveGZPF5W9XrDmVEILnBprX', 'pVj6rVzAJBI73km8RbpXfMRPMVAGk5CL8zWAl', '3g6Z8gqJWRFg41q38GMAC1qE8JGlQRuZxLBkk', 'Tectra Inc',	500.00,	'Money-Out',	'2023-06-09 07:00:00+00'),
  ('lVaRwVlAXkI6KDV89xpau3P4WkgqnMFpQy71e', 'pVj6rVzAJBI73km8RbpXfMRPMVAGk5CL8zWAl', '3g6Z8gqJWRFg41q38GMAC1qE8JGlQRuZxLBkk', 'Madison Bicycle Shop',	500.00,	'Money-Out',	'2023-06-08 07:00:00+00'),
  ('qV76zVBAm3IBxo7vNXR5FKDE9lPbx6igGaM8k', 'pVj6rVzAJBI73km8RbpXfMRPMVAGk5CL8zWAl', '3g6Z8gqJWRFg41q38GMAC1qE8JGlQRuZxLBkk', 'KFC',	500.00,	'Money-Out',	'2023-06-08 07:00:00+00'),
  ('KQMLxQEPeoCXyqoV1vZgUZL6grpoBkiRqPNgA', 'pVj6rVzAJBI73km8RbpXfMRPMVAGk5CL8zWAl', '3g6Z8gqJWRFg41q38GMAC1qE8JGlQRuZxLBkk', 'AUTOMATIC PAYMENT - THANK',	2078.50,	'Money-Out',	'2023-06-08 07:00:00+00'),
  ('rVe6BV3wLxIkdZ6V7yLRiRpQKwrxozi74xMLM', 'pVj6rVzAJBI73km8RbpXfMRPMVAGk5CL8zWAl', '3g6Z8gqJWRFg41q38GMAC1qE8JGlQRuZxLBkk', 'Touchstone Climbing',	78.50,	'Money-Out',	'2023-05-28 07:00:00+00'),
  ('zqg6jq7z4eIaxy5QXzrefGL94VQqbjulr9mDQ', 'pVj6rVzAJBI73km8RbpXfMRPMVAGk5CL8zWAl', '3g6Z8gqJWRFg41q38GMAC1qE8JGlQRuZxLBkk', 'United Airlines',	500.00,	'Money-Out',	'2023-05-15 07:00:00+00'),
  ('BxaoVxQkqjIoyjbD4Aenf8mb79ydeEt4EPjqx', 'pVj6rVzAJBI73km8RbpXfMRPMVAGk5CL8zWAl', '3g6Z8gqJWRFg41q38GMAC1qE8JGlQRuZxLBkk', 'Tectra Inc',	500.00,	'Money-Out',	'2023-05-10 07:00:00+00'),
  ('3g6Z8gqJWRFg41q38GMAC1qJX6rjvVcZ6pRGg', 'pVj6rVzAJBI73km8RbpXfMRPMVAGk5CL8zWAl', '3g6Z8gqJWRFg41q38GMAC1qE8JGlQRuZxLBkk', 'Madison Bicycle Shop',	500.00,	'Money-Out',	'2023-05-09 07:00:00+00'),
  ('xVp6NVPKdjIrLz7ZmxK8U4Nn9yLdR6C6joBmP', 'pVj6rVzAJBI73km8RbpXfMRPMVAGk5CL8zWAl', '3g6Z8gqJWRFg41q38GMAC1qE8JGlQRuZxLBkk', 'KFC',	500.00,	'Money-Out',	'2023-05-09 07:00:00+00'),
  ('dVqRyVpZlLIAxl9VvEQZfQvG8qWRboIJKwaoE', 'pVj6rVzAJBI73km8RbpXfMRPMVAGk5CL8zWAl', '3g6Z8gqJWRFg41q38GMAC1qE8JGlQRuZxLBkk', 'AUTOMATIC PAYMENT - THANK',	2078.50,	'Money-Out',	'2023-05-09 07:00:00+00'),
  ('aVwRnVM7EZIXzdgV5lM6UMpdeP7q6DsZwq3pm', 'pVj6rVzAJBI73km8RbpXfMRPMVAGk5CL8zWAl', '3g6Z8gqJWRFg41q38GMAC1qE8JGlQRuZxLBkk', 'Touchstone Climbing',	78.50,	'Money-Out',	'2023-04-28 07:00:00+00'),
  ('48XAE8KZ3RhVNoKX8GzDc5AEZKQlwvIJzeM8Q', 'pVj6rVzAJBI73km8RbpXfMRPMVAGk5CL8zWAl', '3g6Z8gqJWRFg41q38GMAC1qE8JGlQRuZxLBkk', 'United Airlines',	500.00,	'Money-Out',	'2023-04-15 07:00:00+00'),
  ('N1pL41GPeEhQPzJbonjytjvk8neJ1pCydvKL1', 'pVj6rVzAJBI73km8RbpXfMRPMVAGk5CL8zWAl', '3g6Z8gqJWRFg41q38GMAC1qE8JGlQRuZxLBkk', 'Tectra Inc',	500.00,	'Money-Out',	'2023-04-10 07:00:00+00'),
  ('PpgLPpq7ylh4M3mynekWTk8vAK1DypIoaDvEM', 'pVj6rVzAJBI73km8RbpXfMRPMVAGk5CL8zWAl', '3g6Z8gqJWRFg41q38GMAC1qE8JGlQRuZxLBkk', 'Madison Bicycle Shop',	500.00,	'Money-Out',	'2023-04-09 07:00:00+00'),
  ('jVxRDVA7eWIED7nvbdlwfr7GlN645Ac6d5Ao5', 'pVj6rVzAJBI73km8RbpXfMRPMVAGk5CL8zWAl', '3g6Z8gqJWRFg41q38GMAC1qE8JGlQRuZxLBkk', 'KFC',	500.00,	'Money-Out',	'2023-04-09 07:00:00+00'),
  ('7AwgGABXJKI37An485jDflnag4MZ1BudPWp4Z', 'pVj6rVzAJBI73km8RbpXfMRPMVAGk5CL8zWAl', '3g6Z8gqJWRFg41q38GMAC1qE8JGlQRuZxLBkk', 'AUTOMATIC PAYMENT - THANK',	2078.50,	'Money-Out',	'2023-04-09 07:00:00+00'),
  ('eVKR9VowqpIedPDVongZfgprykPRL5UrQNkyb', 'pVj6rVzAJBI73km8RbpXfMRPMVAGk5CL8zWAl', '3g6Z8gqJWRFg41q38GMAC1qE8JGlQRuZxLBkk', 'Touchstone Climbing',	78.50,	'Money-Out',	'2023-03-29 07:00:00+00'),
  ('Qo8RjoKZeqHKAx6XngMRiM83qr1pzxswXxerM', 'pVj6rVzAJBI73km8RbpXfMRPMVAGk5CL8zWAl', '3g6Z8gqJWRFg41q38GMAC1qE8JGlQRuZxLBkk', 'United Airlines',	500.00,	'Money-Out',	'2023-03-16 07:00:00+00'),
  ('ZV9koVNBx4I8AQZVnE76i7vd4P3eozsep5lnL', 'pVj6rVzAJBI73km8RbpXfMRPMVAGk5CL8zWAl', '3g6Z8gqJWRFg41q38GMAC1qE8JGlQRuZxLBkk', 'Tectra Inc',	500.00,	'Money-Out',	'2023-03-11 07:00:00+00'),
  ('MMLnaMAP18hENrXwpklQfldyPVLXkpuLvBybv', 'pVj6rVzAJBI73km8RbpXfMRPMVAGk5CL8zWAl', '3g6Z8gqJWRFg41q38GMAC1qE8JGlQRuZxLBkk', 'Madison Bicycle Shop',	500.00,	'Money-Out',	'2023-03-10 07:00:00+00'),
  ('1pvAopGWeRhGXoNzQlZEFJkAbv8VMWupRgob1', 'pVj6rVzAJBI73km8RbpXfMRPMVAGk5CL8zWAl', '3g6Z8gqJWRFg41q38GMAC1qE8JGlQRuZxLBkk', 'KFC',	500.00,	'Money-Out',	'2023-03-10 07:00:00+00'),
  ('LZ1AdZWPRkIJMK6GLZQzhQnawZX64KIkMbagm', 'pVj6rVzAJBI73km8RbpXfMRPMVAGk5CL8zWAl', '3g6Z8gqJWRFg41q38GMAC1qE8JGlQRuZxLBkk', 'AUTOMATIC PAYMENT - THANK',	2078.50,	'Money-Out',	'2023-03-10 07:00:00+00'),
  ('pVj6rVzAJBI73km8RbpXfMRyP8jJAVspG4n96', 'pVj6rVzAJBI73km8RbpXfMRPMVAGk5CL8zWAl', '3g6Z8gqJWRFg41q38GMAC1qE8JGlQRuZxLBkk', 'Touchstone Climbing',	78.50,	'Money-Out',	'2023-02-27 07:00:00+00'),
  ('oVP6KVryRzIzBk78bLXgtemjRqKzo6ioDay44', 'pVj6rVzAJBI73km8RbpXfMRPMVAGk5CL8zWAl', '3g6Z8gqJWRFg41q38GMAC1qE8JGlQRuZxLBkk', 'United Airlines',	500.00,	'Money-Out',	'2023-02-14 07:00:00+00'),
  ('gVzDRV87rgI34N6VwGx7fxNGaMw5qntEBb1jl', 'pVj6rVzAJBI73km8RbpXfMRPMVAGk5CL8zWAl', '3g6Z8gqJWRFg41q38GMAC1qE8JGlQRuZxLBkk', 'Tectra Inc',	500.00,	'Money-Out',	'2023-02-09 07:00:00+00'),
  ('8G5onG3ZxrcpGr5NlZ31uLPb7gazxniW6Amvw', 'pVj6rVzAJBI73km8RbpXfMRPMVAGk5CL8zWAl', '3g6Z8gqJWRFg41q38GMAC1qE8JGlQRuZxLBkk', 'Madison Bicycle Shop',	500.00,	'Money-Out',	'2023-02-08 07:00:00+00'),
  ('E4PLq413zQHlNGMajJR1IRDa34XobWi47wlZ4', 'pVj6rVzAJBI73km8RbpXfMRPMVAGk5CL8zWAl', '3g6Z8gqJWRFg41q38GMAC1qE8JGlQRuZxLBkk', 'KFC',	500.00,	'Money-Out',	'2023-02-08 07:00:00+00'),
  ('WGbB1GdkoxcgA6mXdJ9VC9vKxJR84Gi68rEoP', 'pVj6rVzAJBI73km8RbpXfMRPMVAGk5CL8zWAl', '3g6Z8gqJWRFg41q38GMAC1qE8JGlQRuZxLBkk', 'AUTOMATIC PAYMENT - THANK',	2078.50,	'Money-Out',	'2023-02-08 07:00:00+00'),
  ('A3doD3eKlPFV7AMlaERkcn3QoxMDRWi9D7PR6', 'pVj6rVzAJBI73km8RbpXfMRPMVAGk5CL8zWAl', '3g6Z8gqJWRFg41q38GMAC1qE8JGlQRuZxLBkk', 'Touchstone Climbing',	78.50,	'Money-Out',	'2023-01-28 07:00:00+00'),
  ('GP7VrPpdGMUmQMpdeaB4uBJ3En94zAC6vl3Jn', 'pVj6rVzAJBI73km8RbpXfMRPMVAGk5CL8zWAl', '3g6Z8gqJWRFg41q38GMAC1qE8JGlQRuZxLBkk', 'United Airlines',	500.00,	'Money-Out',	'2023-01-15 07:00:00+00'),
  ('nVN6qVKAXrIoz87vbWmafq3P5zV186iARdbPE', 'pVj6rVzAJBI73km8RbpXfMRPMVAGk5CL8zWAl', '3g6Z8gqJWRFg41q38GMAC1qE8JGlQRuZxLBkk', 'Tectra Inc',	500.00,	'Money-Out',	'2023-01-10 07:00:00+00'),
  ('bV5RbV1yaMIRBQJV1WvNTbQlamERL5Cmj5qgE', 'pVj6rVzAJBI73km8RbpXfMRPMVAGk5CL8zWAl', '3g6Z8gqJWRFg41q38GMAC1qE8JGlQRuZxLBkk', 'Madison Bicycle Shop',	500.00,	'Money-Out',	'2023-01-09 07:00:00+00'),
  ('mV46lVqAeKIGk6wvbV9JFZXGrwpLqoigNbJRr', 'pVj6rVzAJBI73km8RbpXfMRPMVAGk5CL8zWAl', '3g6Z8gqJWRFg41q38GMAC1qE8JGlQRuZxLBkk', 'KFC',	500.00,	'Money-Out',	'2023-01-09 07:00:00+00'),
  ('ylo6Pljra7Ia3BAwpWkefweV4BNMn7S4m9AkM', 'pVj6rVzAJBI73km8RbpXfMRPMVAGk5CL8zWAl', '3g6Z8gqJWRFg41q38GMAC1qE8JGlQRuZxLBkk', 'AUTOMATIC PAYMENT - THANK',	2078.50,	'Money-Out',	'2023-01-09 07:00:00+00'),
  ('9nlobnx6vzTvoAmPqRQbf8eprBJZ1nt41LDzM', 'pVj6rVzAJBI73km8RbpXfMRPMVAGk5CL8zWAl', '3g6Z8gqJWRFg41q38GMAC1qE8JGlQRuZxLBkk', 'Touchstone Climbing',	78.50,	'Money-Out',	'2022-12-29 07:00:00+00'),
  ('1pvAopGWeRhGXoNzQlZEFJkAbv8VMWupRgobv', 'pVj6rVzAJBI73km8RbpXfMRPMVAGk5CL8zWAl', '3g6Z8gqJWRFg41q38GMAC1qE8JGlQRuZxLBkk', 'United Airlines',	500.00,	'Money-Out',	'2022-12-16 07:00:00+00'),
  ('LZ1AdZWPRkIJMK6GLZQzhQnawZX64KIkMbagv', 'pVj6rVzAJBI73km8RbpXfMRPMVAGk5CL8zWAl', '3g6Z8gqJWRFg41q38GMAC1qE8JGlQRuZxLBkk', 'Tectra Inc',	500.00,	'Money-Out',	'2022-12-11 07:00:00+00'),
  ('pVj6rVzAJBI73km8RbpXfMRyP8jJAVspG4n97', 'pVj6rVzAJBI73km8RbpXfMRPMVAGk5CL8zWAl', '3g6Z8gqJWRFg41q38GMAC1qE8JGlQRuZxLBkk', 'Madison Bicycle Shop',	500.00,	'Money-Out',	'2022-12-10 07:00:00+00'),
  ('oVP6KVryRzIzBk78bLXgtemjRqKzo6ioDay4W', 'pVj6rVzAJBI73km8RbpXfMRPMVAGk5CL8zWAl', '3g6Z8gqJWRFg41q38GMAC1qE8JGlQRuZxLBkk', 'KFC',	500.00,	'Money-Out',	'2022-12-10 07:00:00+00'),
  ('gVzDRV87rgI34N6VwGx7fxNGaMw5qntEBb1jA', 'pVj6rVzAJBI73km8RbpXfMRPMVAGk5CL8zWAl', '3g6Z8gqJWRFg41q38GMAC1qE8JGlQRuZxLBkk', 'AUTOMATIC PAYMENT - THANK',	2078.50,	'Money-Out',	'2022-12-10 07:00:00+00'),
  ('8G5onG3ZxrcpGr5NlZ31uLPb7gazxniW6Amvd', 'pVj6rVzAJBI73km8RbpXfMRPMVAGk5CL8zWAl', '3g6Z8gqJWRFg41q38GMAC1qE8JGlQRuZxLBkk', 'Touchstone Climbing',	78.50,	'Money-Out',	'2022-11-29 07:00:00+00'),
  ('E4PLq413zQHlNGMajJR1IRDa34XobWi47wljo', 'pVj6rVzAJBI73km8RbpXfMRPMVAGk5CL8zWAl', '3g6Z8gqJWRFg41q38GMAC1qE8JGlQRuZxLBkk', 'United Airlines',	500.00,	'Money-Out',	'2022-11-16 07:00:00+00'),
  ('WGbB1GdkoxcgA6mXdJ9VC9vKxJR84Gi68rEWn', 'pVj6rVzAJBI73km8RbpXfMRPMVAGk5CL8zWAl', '3g6Z8gqJWRFg41q38GMAC1qE8JGlQRuZxLBkk', 'Tectra Inc',	500.00,	'Money-Out',	'2022-11-11 07:00:00+00'),
  ('A3doD3eKlPFV7AMlaERkcn3QoxMDRWi9D7PWz', 'pVj6rVzAJBI73km8RbpXfMRPMVAGk5CL8zWAl', '3g6Z8gqJWRFg41q38GMAC1qE8JGlQRuZxLBkk', 'Madison Bicycle Shop',	500.00,	'Money-Out',	'2022-11-10 07:00:00+00'),
  ('GP7VrPpdGMUmQMpdeaB4uBJ3En94zAC6vl3WQ', 'pVj6rVzAJBI73km8RbpXfMRPMVAGk5CL8zWAl', '3g6Z8gqJWRFg41q38GMAC1qE8JGlQRuZxLBkk', 'KFC',	500.00,	'Money-Out',	'2022-11-10 07:00:00+00'),
  ('nVN6qVKAXrIoz87vbWmafq3P5zV186iARdb8N', 'pVj6rVzAJBI73km8RbpXfMRPMVAGk5CL8zWAl', '3g6Z8gqJWRFg41q38GMAC1qE8JGlQRuZxLBkk', 'AUTOMATIC PAYMENT - THANK',	2078.50,	'Money-Out',	'2022-11-10 07:00:00+00'),
  ('bV5RbV1yaMIRBQJV1WvNTbQlamERL5Cmj5qGQ', 'pVj6rVzAJBI73km8RbpXfMRPMVAGk5CL8zWAl', '3g6Z8gqJWRFg41q38GMAC1qE8JGlQRuZxLBkk', 'Touchstone Climbing',	78.50,	'Money-Out',	'2022-10-30 07:00:00+00'),
  ('mV46lVqAeKIGk6wvbV9JFZXGrwpLqoigNbJ7d', 'pVj6rVzAJBI73km8RbpXfMRPMVAGk5CL8zWAl', '3g6Z8gqJWRFg41q38GMAC1qE8JGlQRuZxLBkk', 'United Airlines',	500.00,	'Money-Out',	'2022-10-17 07:00:00+00'),
  ('ylo6Pljra7Ia3BAwpWkefweV4BNMn7S4m9ArA', 'pVj6rVzAJBI73km8RbpXfMRPMVAGk5CL8zWAl', '3g6Z8gqJWRFg41q38GMAC1qE8JGlQRuZxLBkk', 'Tectra Inc',	500.00,	'Money-Out',	'2022-10-12 07:00:00+00'),
  ('9nlobnx6vzTvoAmPqRQbf8eprBJZ1nt41LDlg', 'pVj6rVzAJBI73km8RbpXfMRPMVAGk5CL8zWAl', '3g6Z8gqJWRFg41q38GMAC1qE8JGlQRuZxLBkk', 'Madison Bicycle Shop',	500.00,	'Money-Out',	'2022-10-11 07:00:00+00'),
  ('vV16aV4lrNI5PKQv7ABMuQ9wgyRoA7IqmjRoZ', 'pVj6rVzAJBI73km8RbpXfMRPMVAGk5CL8zWAl', '3g6Z8gqJWRFg41q38GMAC1qE8JGlQRuZxLBkk', 'KFC',	500.00,	'Money-Out',	'2022-10-11 07:00:00+00'),
  ('RgEl7grGeKFvAdkor8ljflx4K89waRuayK4zN', 'pVj6rVzAJBI73km8RbpXfMRPMVAGk5CL8zWAl', '3g6Z8gqJWRFg41q38GMAC1qE8JGlQRuZxLBkk', 'AUTOMATIC PAYMENT - THANK',	2078.50,	'Money-Out',	'2022-10-11 07:00:00+00'),
  ('6WVkAWzvwqimQAza8XqEu5Gw1oVyMgI8ZW3rK', 'pVj6rVzAJBI73km8RbpXfMRPMVAGk5CL8zWAl', '3g6Z8gqJWRFg41q38GMAC1qE8JGlQRuZxLBkk', 'Touchstone Climbing',	78.50,	'Money-Out',	'2022-09-30 07:00:00+00'),
  ('Xnm3LnarNdTzM7vGmVWDtWbvRVDqjZcbZ4E5K', 'pVj6rVzAJBI73km8RbpXfMRPMVAGk5CL8zWAl', '3g6Z8gqJWRFg41q38GMAC1qE8JGlQRuZxLBkk', 'United Airlines',	500.00,	'Money-Out',	'2022-09-17 07:00:00+00'),
  ('DaNElaMBrei9KbM4PXwztwELka4jxGS3DgQzq', 'pVj6rVzAJBI73km8RbpXfMRPMVAGk5CL8zWAl', '3g6Z8gqJWRFg41q38GMAC1qE8JGlQRuZxLBkk', 'Tectra Inc',	500.00,	'Money-Out',	'2022-09-12 07:00:00+00'),
  ('VAnzMAxqX3I1DPkqnwmVumPK5wpJdlt914d6B', 'pVj6rVzAJBI73km8RbpXfMRPMVAGk5CL8zWAl', '3g6Z8gqJWRFg41q38GMAC1qE8JGlQRuZxLBkk', 'Madison Bicycle Shop',	500.00,	'Money-Out',	'2022-09-11 07:00:00+00'),
  ('wVL64VNqzPI95ykvQxXJt5MpdGkPlgIPwvVg6', 'pVj6rVzAJBI73km8RbpXfMRPMVAGk5CL8zWAl', '3g6Z8gqJWRFg41q38GMAC1qE8JGlQRuZxLBkk', 'KFC',	500.00,	'Money-Out',	'2022-09-11 07:00:00+00'),
  ('5EDXWEr5wlczPArdkJZDtkvAnP6Z5GI5lodxP', 'pVj6rVzAJBI73km8RbpXfMRPMVAGk5CL8zWAl', '3g6Z8gqJWRFg41q38GMAC1qE8JGlQRuZxLBkk', 'AUTOMATIC PAYMENT - THANK',	2078.50,	'Money-Out',	'2022-09-11 07:00:00+00'),
  ('JeZy3e8VGphL9lAyM84Kf4m5n7lX1pCB3EJbE', 'pVj6rVzAJBI73km8RbpXfMRPMVAGk5CL8zWAl', '3g6Z8gqJWRFg41q38GMAC1qE8JGlQRuZxLBkk', 'Touchstone Climbing',	78.50,	'Money-Out',	'2022-08-31 07:00:00+00'),
  ('k5dRV5GAeluBqMoveGZPF5W9XrDmVEILnBpx9', 'pVj6rVzAJBI73km8RbpXfMRPMVAGk5CL8zWAl', '3g6Z8gqJWRFg41q38GMAC1qE8JGlQRuZxLBkk', 'United Airlines',	500.00,	'Money-Out',	'2022-08-18 07:00:00+00'),
  ('lVaRwVlAXkI6KDV89xpau3P4WkgqnMFpQy7Lq', 'pVj6rVzAJBI73km8RbpXfMRPMVAGk5CL8zWAl', '3g6Z8gqJWRFg41q38GMAC1qE8JGlQRuZxLBkk', 'Tectra Inc',	500.00,	'Money-Out',	'2022-08-13 07:00:00+00'),
  ('qV76zVBAm3IBxo7vNXR5FKDE9lPbx6igGaMJm', 'pVj6rVzAJBI73km8RbpXfMRPMVAGk5CL8zWAl', '3g6Z8gqJWRFg41q38GMAC1qE8JGlQRuZxLBkk', 'Madison Bicycle Shop',	500.00,	'Money-Out',	'2022-08-12 07:00:00+00'),
  ('KQMLxQEPeoCXyqoV1vZgUZL6grpoBkiRqPN68', 'pVj6rVzAJBI73km8RbpXfMRPMVAGk5CL8zWAl', '3g6Z8gqJWRFg41q38GMAC1qE8JGlQRuZxLBkk', 'KFC',	500.00,	'Money-Out',	'2022-08-12 07:00:00+00'),
  ('rVe6BV3wLxIkdZ6V7yLRiRpQKwrxozi74xMy4', 'pVj6rVzAJBI73km8RbpXfMRPMVAGk5CL8zWAl', '3g6Z8gqJWRFg41q38GMAC1qE8JGlQRuZxLBkk', 'AUTOMATIC PAYMENT - THANK',	2078.50,	'Money-Out',	'2022-08-12 07:00:00+00'),
  ('zqg6jq7z4eIaxy5QXzrefGL94VQqbjulr9mEn', 'pVj6rVzAJBI73km8RbpXfMRPMVAGk5CL8zWAl', '3g6Z8gqJWRFg41q38GMAC1qE8JGlQRuZxLBkk', 'Touchstone Climbing',	78.50,	'Money-Out',	'2022-08-01 07:00:00+00'),
  ('BxaoVxQkqjIoyjbD4Aenf8mb79ydeEt4EPj71', 'pVj6rVzAJBI73km8RbpXfMRPMVAGk5CL8zWAl', '3g6Z8gqJWRFg41q38GMAC1qE8JGlQRuZxLBkk', 'United Airlines',	500.00,	'Money-Out',	'2022-07-19 07:00:00+00'),
  ('3g6Z8gqJWRFg41q38GMAC1qJX6rjvVcZ6pRwv', 'pVj6rVzAJBI73km8RbpXfMRPMVAGk5CL8zWAl', '3g6Z8gqJWRFg41q38GMAC1qE8JGlQRuZxLBkk', 'Tectra Inc',	500.00,	'Money-Out',	'2022-07-14 07:00:00+00'),
  ('xVp6NVPKdjIrLz7ZmxK8U4Nn9yLdR6C6joB9m', 'pVj6rVzAJBI73km8RbpXfMRPMVAGk5CL8zWAl', '3g6Z8gqJWRFg41q38GMAC1qE8JGlQRuZxLBkk', 'Madison Bicycle Shop',	500.00,	'Money-Out',	'2022-07-13 07:00:00+00'),
  ('dVqRyVpZlLIAxl9VvEQZfQvG8qWRboIJKwaPP', 'pVj6rVzAJBI73km8RbpXfMRPMVAGk5CL8zWAl', '3g6Z8gqJWRFg41q38GMAC1qE8JGlQRuZxLBkk', 'KFC',	500.00,	'Money-Out',	'2022-07-13 07:00:00+00'),
  ('aVwRnVM7EZIXzdgV5lM6UMpdeP7q6DsZwq3R7', 'pVj6rVzAJBI73km8RbpXfMRPMVAGk5CL8zWAl', '3g6Z8gqJWRFg41q38GMAC1qE8JGlQRuZxLBkk', 'AUTOMATIC PAYMENT - THANK',	2078.50,	'Money-Out',	'2022-07-13 07:00:00+00'),
  ('48XAE8KZ3RhVNoKX8GzDc5AEZKQlwvIJzeMgJ', 'pVj6rVzAJBI73km8RbpXfMRPMVAGk5CL8zWAl', '3g6Z8gqJWRFg41q38GMAC1qE8JGlQRuZxLBkk', 'Touchstone Climbing',	78.50,	'Money-Out',	'2022-07-02 07:00:00+00'),
  ('N1pL41GPeEhQPzJbonjytjvk8neJ1pCydvKrX', 'pVj6rVzAJBI73km8RbpXfMRPMVAGk5CL8zWAl', '3g6Z8gqJWRFg41q38GMAC1qE8JGlQRuZxLBkk', 'United Airlines',	500.00,	'Money-Out',	'2022-06-19 07:00:00+00'),
  ('PpgLPpq7ylh4M3mynekWTk8vAK1DypIoaDvwQ', 'pVj6rVzAJBI73km8RbpXfMRPMVAGk5CL8zWAl', '3g6Z8gqJWRFg41q38GMAC1qE8JGlQRuZxLBkk', 'Tectra Inc',	500.00,	'Money-Out',	'2022-06-14 07:00:00+00'),
  ('jVxRDVA7eWIED7nvbdlwfr7GlN645Ac6d5AyG', 'pVj6rVzAJBI73km8RbpXfMRPMVAGk5CL8zWAl', '3g6Z8gqJWRFg41q38GMAC1qE8JGlQRuZxLBkk', 'Madison Bicycle Shop',	500.00,	'Money-Out',	'2022-06-13 07:00:00+00'),
  ('7AwgGABXJKI37An485jDflnag4MZ1BudPWpNj', 'pVj6rVzAJBI73km8RbpXfMRPMVAGk5CL8zWAl', '3g6Z8gqJWRFg41q38GMAC1qE8JGlQRuZxLBkk', 'KFC',	500.00,	'Money-Out',	'2022-06-13 07:00:00+00'),
  ('eVKR9VowqpIedPDVongZfgprykPRL5UrQNkMJ', 'pVj6rVzAJBI73km8RbpXfMRPMVAGk5CL8zWAl', '3g6Z8gqJWRFg41q38GMAC1qE8JGlQRuZxLBkk', 'AUTOMATIC PAYMENT - THANK',	2078.50,	'Money-Out',	'2022-06-13 07:00:00+00'),
  ('Qo8RjoKZeqHKAx6XngMRiM83qr1pzxswXxekj', 'pVj6rVzAJBI73km8RbpXfMRPMVAGk5CL8zWAl', '3g6Z8gqJWRFg41q38GMAC1qE8JGlQRuZxLBkk', 'Touchstone Climbing',	78.50,	'Money-Out',	'2022-06-02 07:00:00+00'),
  ('ZV9koVNBx4I8AQZVnE76i7vd4P3eozsep5l8W', 'pVj6rVzAJBI73km8RbpXfMRPMVAGk5CL8zWAl', '3g6Z8gqJWRFg41q38GMAC1qE8JGlQRuZxLBkk', 'United Airlines',	500.00,	'Money-Out',	'2022-05-20 07:00:00+00'),
  ('MMLnaMAP18hENrXwpklQfldyPVLXkpuLvByDG', 'pVj6rVzAJBI73km8RbpXfMRPMVAGk5CL8zWAl', '3g6Z8gqJWRFg41q38GMAC1qE8JGlQRuZxLBkk', 'Tectra Inc',	500.00,	'Money-Out',	'2022-05-15 07:00:00+00'),
  ('1pvAopGWeRhGXoNzQlZEFJkAbv8VMWupRgoQv', 'pVj6rVzAJBI73km8RbpXfMRPMVAGk5CL8zWAl', '3g6Z8gqJWRFg41q38GMAC1qE8JGlQRuZxLBkk', 'Madison Bicycle Shop',	500.00,	'Money-Out',	'2022-05-14 07:00:00+00'),
  ('LZ1AdZWPRkIJMK6GLZQzhQnawZX64KIkMbaLv', 'pVj6rVzAJBI73km8RbpXfMRPMVAGk5CL8zWAl', '3g6Z8gqJWRFg41q38GMAC1qE8JGlQRuZxLBkk', 'KFC',	500.00,	'Money-Out',	'2022-05-14 07:00:00+00'),
  ('pVj6rVzAJBI73km8RbpXfMRyP8jJAVspG4nD7', 'pVj6rVzAJBI73km8RbpXfMRPMVAGk5CL8zWAl', '3g6Z8gqJWRFg41q38GMAC1qE8JGlQRuZxLBkk', 'AUTOMATIC PAYMENT - THANK',	2078.50,	'Money-Out',	'2022-05-14 07:00:00+00'),
  ('oVP6KVryRzIzBk78bLXgtemjRqKzo6ioDayXW', 'pVj6rVzAJBI73km8RbpXfMRPMVAGk5CL8zWAl', '3g6Z8gqJWRFg41q38GMAC1qE8JGlQRuZxLBkk', 'Touchstone Climbing',	78.50,	'Money-Out',	'2022-05-03 07:00:00+00'),
  ('gVzDRV87rgI34N6VwGx7fxNGaMw5qntEBb1lA', 'pVj6rVzAJBI73km8RbpXfMRPMVAGk5CL8zWAl', '3g6Z8gqJWRFg41q38GMAC1qE8JGlQRuZxLBkk', 'United Airlines',	500.00,	'Money-Out',	'2022-04-20 07:00:00+00'),
  ('8G5onG3ZxrcpGr5NlZ31uLPb7gazxniW6Amxd', 'pVj6rVzAJBI73km8RbpXfMRPMVAGk5CL8zWAl', '3g6Z8gqJWRFg41q38GMAC1qE8JGlQRuZxLBkk', 'Tectra Inc',	500.00,	'Money-Out',	'2022-04-15 07:00:00+00'),
  ('E4PLq413zQHlNGMajJR1IRDa34XobWi47wlXo', 'pVj6rVzAJBI73km8RbpXfMRPMVAGk5CL8zWAl', '3g6Z8gqJWRFg41q38GMAC1qE8JGlQRuZxLBkk', 'Madison Bicycle Shop',	500.00,	'Money-Out',	'2022-04-14 07:00:00+00'),
  ('WGbB1GdkoxcgA6mXdJ9VC9vKxJR84Gi68rEln', 'pVj6rVzAJBI73km8RbpXfMRPMVAGk5CL8zWAl', '3g6Z8gqJWRFg41q38GMAC1qE8JGlQRuZxLBkk', 'KFC',	500.00,	'Money-Out',	'2022-04-14 07:00:00+00'),
  ('A3doD3eKlPFV7AMlaERkcn3QoxMDRWi9D7P1z', 'pVj6rVzAJBI73km8RbpXfMRPMVAGk5CL8zWAl', '3g6Z8gqJWRFg41q38GMAC1qE8JGlQRuZxLBkk', 'AUTOMATIC PAYMENT - THANK',	2078.50,	'Money-Out',	'2022-04-14 07:00:00+00'),
  ('GP7VrPpdGMUmQMpdeaB4uBJ3En94zAC6vl31Q', 'pVj6rVzAJBI73km8RbpXfMRPMVAGk5CL8zWAl', '3g6Z8gqJWRFg41q38GMAC1qE8JGlQRuZxLBkk', 'Touchstone Climbing',	78.50,	'Money-Out',	'2022-04-03 07:00:00+00'),
  ('nVN6qVKAXrIoz87vbWmafq3P5zV186iARdb6N', 'pVj6rVzAJBI73km8RbpXfMRPMVAGk5CL8zWAl', '3g6Z8gqJWRFg41q38GMAC1qE8JGlQRuZxLBkk', 'United Airlines',	500.00,	'Money-Out',	'2022-03-21 07:00:00+00'),
  ('bV5RbV1yaMIRBQJV1WvNTbQlamERL5Cmj5qVQ', 'pVj6rVzAJBI73km8RbpXfMRPMVAGk5CL8zWAl', '3g6Z8gqJWRFg41q38GMAC1qE8JGlQRuZxLBkk', 'Tectra Inc',	500.00,	'Money-Out',	'2022-03-16 07:00:00+00'),
  ('mV46lVqAeKIGk6wvbV9JFZXGrwpLqoigNbJLd', 'pVj6rVzAJBI73km8RbpXfMRPMVAGk5CL8zWAl', '3g6Z8gqJWRFg41q38GMAC1qE8JGlQRuZxLBkk', 'Madison Bicycle Shop',	500.00,	'Money-Out',	'2022-03-15 07:00:00+00'),
  ('ylo6Pljra7Ia3BAwpWkefweV4BNMn7S4m9AyA', 'pVj6rVzAJBI73km8RbpXfMRPMVAGk5CL8zWAl', '3g6Z8gqJWRFg41q38GMAC1qE8JGlQRuZxLBkk', 'KFC',	500.00,	'Money-Out',	'2022-03-15 07:00:00+00'),
  ('9nlobnx6vzTvoAmPqRQbf8eprBJZ1nt41LDRg', 'pVj6rVzAJBI73km8RbpXfMRPMVAGk5CL8zWAl', '3g6Z8gqJWRFg41q38GMAC1qE8JGlQRuZxLBkk', 'AUTOMATIC PAYMENT - THANK',	2078.50,	'Money-Out',	'2022-03-15 07:00:00+00'),
  ('vV16aV4lrNI5PKQv7ABMuQ9wgyRoA7IqmjRWZ', 'pVj6rVzAJBI73km8RbpXfMRPMVAGk5CL8zWAl', '3g6Z8gqJWRFg41q38GMAC1qE8JGlQRuZxLBkk', 'Touchstone Climbing',	78.50,	'Money-Out',	'2022-03-04 07:00:00+00'),
  ('RgEl7grGeKFvAdkor8ljflx4K89waRuayK4RN', 'pVj6rVzAJBI73km8RbpXfMRPMVAGk5CL8zWAl', '3g6Z8gqJWRFg41q38GMAC1qE8JGlQRuZxLBkk', 'United Airlines',	500.00,	'Money-Out',	'2022-02-19 07:00:00+00'),
  ('6WVkAWzvwqimQAza8XqEu5Gw1oVyMgI8ZW3gK', 'pVj6rVzAJBI73km8RbpXfMRPMVAGk5CL8zWAl', '3g6Z8gqJWRFg41q38GMAC1qE8JGlQRuZxLBkk', 'Tectra Inc',	500.00,	'Money-Out',	'2022-02-14 07:00:00+00'),
  ('Xnm3LnarNdTzM7vGmVWDtWbvRVDqjZcbZ4EdK', 'pVj6rVzAJBI73km8RbpXfMRPMVAGk5CL8zWAl', '3g6Z8gqJWRFg41q38GMAC1qE8JGlQRuZxLBkk', 'Madison Bicycle Shop',	500.00,	'Money-Out',	'2022-02-13 07:00:00+00'),
  ('DaNElaMBrei9KbM4PXwztwELka4jxGS3DgQvq', 'pVj6rVzAJBI73km8RbpXfMRPMVAGk5CL8zWAl', '3g6Z8gqJWRFg41q38GMAC1qE8JGlQRuZxLBkk', 'KFC',	500.00,	'Money-Out',	'2022-02-13 07:00:00+00'),
  ('VAnzMAxqX3I1DPkqnwmVumPK5wpJdlt914dWB', 'pVj6rVzAJBI73km8RbpXfMRPMVAGk5CL8zWAl', '3g6Z8gqJWRFg41q38GMAC1qE8JGlQRuZxLBkk', 'AUTOMATIC PAYMENT - THANK',	2078.50,	'Money-Out',	'2022-02-13 07:00:00+00'),
  ('wVL64VNqzPI95ykvQxXJt5MpdGkPlgIPwvVr6', 'pVj6rVzAJBI73km8RbpXfMRPMVAGk5CL8zWAl', '3g6Z8gqJWRFg41q38GMAC1qE8JGlQRuZxLBkk', 'Touchstone Climbing',	78.50,	'Money-Out',	'2022-02-02 07:00:00+00'),
  ('5EDXWEr5wlczPArdkJZDtkvAnP6Z5GI5lodZP', 'pVj6rVzAJBI73km8RbpXfMRPMVAGk5CL8zWAl', '3g6Z8gqJWRFg41q38GMAC1qE8JGlQRuZxLBkk', 'United Airlines',	500.00,	'Money-Out',	'2022-01-20 07:00:00+00'),
  ('JeZy3e8VGphL9lAyM84Kf4m5n7lX1pCB3EJdE', 'pVj6rVzAJBI73km8RbpXfMRPMVAGk5CL8zWAl', '3g6Z8gqJWRFg41q38GMAC1qE8JGlQRuZxLBkk', 'Tectra Inc',	500.00,	'Money-Out',	'2022-01-15 07:00:00+00'),
  ('k5dRV5GAeluBqMoveGZPF5W9XrDmVEILnBpW9', 'pVj6rVzAJBI73km8RbpXfMRPMVAGk5CL8zWAl', '3g6Z8gqJWRFg41q38GMAC1qE8JGlQRuZxLBkk', 'Madison Bicycle Shop',	500.00,	'Money-Out',	'2022-01-14 07:00:00+00'),
  ('lVaRwVlAXkI6KDV89xpau3P4WkgqnMFpQy7Zq', 'pVj6rVzAJBI73km8RbpXfMRPMVAGk5CL8zWAl', '3g6Z8gqJWRFg41q38GMAC1qE8JGlQRuZxLBkk', 'KFC',	500.00,	'Money-Out',	'2022-01-14 07:00:00+00'),
  ('qV76zVBAm3IBxo7vNXR5FKDE9lPbx6igGaMdm', 'pVj6rVzAJBI73km8RbpXfMRPMVAGk5CL8zWAl', '3g6Z8gqJWRFg41q38GMAC1qE8JGlQRuZxLBkk', 'AUTOMATIC PAYMENT - THANK',	2078.50,	'Money-Out',	'2022-01-14 07:00:00+00'),
  ('KQMLxQEPeoCXyqoV1vZgUZL6grpoBkiRqPNV8', 'pVj6rVzAJBI73km8RbpXfMRPMVAGk5CL8zWAl', '3g6Z8gqJWRFg41q38GMAC1qE8JGlQRuZxLBkk', 'Touchstone Climbing',	78.50,	'Money-Out',	'2022-01-03 07:00:00+00'),
  ('rVe6BV3wLxIkdZ6V7yLRiRpQKwrxozi74xMl4', 'pVj6rVzAJBI73km8RbpXfMRPMVAGk5CL8zWAl', '3g6Z8gqJWRFg41q38GMAC1qE8JGlQRuZxLBkk', 'United Airlines',	500.00,	'Money-Out',	'2021-12-21 07:00:00+00'),
  ('zqg6jq7z4eIaxy5QXzrefGL94VQqbjulr9mon', 'pVj6rVzAJBI73km8RbpXfMRPMVAGk5CL8zWAl', '3g6Z8gqJWRFg41q38GMAC1qE8JGlQRuZxLBkk', 'Tectra Inc',	500.00,	'Money-Out',	'2021-12-16 07:00:00+00'),
  ('BxaoVxQkqjIoyjbD4Aenf8mb79ydeEt4EPjw1', 'pVj6rVzAJBI73km8RbpXfMRPMVAGk5CL8zWAl', '3g6Z8gqJWRFg41q38GMAC1qE8JGlQRuZxLBkk', 'Madison Bicycle Shop',	500.00,	'Money-Out',	'2021-12-15 07:00:00+00'),
  ('3g6Z8gqJWRFg41q38GMAC1qJX6rjvVcZ6pRqv', 'pVj6rVzAJBI73km8RbpXfMRPMVAGk5CL8zWAl', '3g6Z8gqJWRFg41q38GMAC1qE8JGlQRuZxLBkk', 'KFC',	500.00,	'Money-Out',	'2021-12-15 07:00:00+00'),
  ('xVp6NVPKdjIrLz7ZmxK8U4Nn9yLdR6C6joBnm', 'pVj6rVzAJBI73km8RbpXfMRPMVAGk5CL8zWAl', '3g6Z8gqJWRFg41q38GMAC1qE8JGlQRuZxLBkk', 'AUTOMATIC PAYMENT - THANK',	2078.50,	'Money-Out',	'2021-12-15 07:00:00+00'),
  ('dVqRyVpZlLIAxl9VvEQZfQvG8qWRboIJKwaZP', 'pVj6rVzAJBI73km8RbpXfMRPMVAGk5CL8zWAl', '3g6Z8gqJWRFg41q38GMAC1qE8JGlQRuZxLBkk', 'Touchstone Climbing',	78.50,	'Money-Out',	'2021-12-04 07:00:00+00'),
  ('aVwRnVM7EZIXzdgV5lM6UMpdeP7q6DsZwq377', 'pVj6rVzAJBI73km8RbpXfMRPMVAGk5CL8zWAl', '3g6Z8gqJWRFg41q38GMAC1qE8JGlQRuZxLBkk', 'United Airlines',	500.00,	'Money-Out',	'2021-11-21 07:00:00+00'),
  ('48XAE8KZ3RhVNoKX8GzDc5AEZKQlwvIJzeMdJ', 'pVj6rVzAJBI73km8RbpXfMRPMVAGk5CL8zWAl', '3g6Z8gqJWRFg41q38GMAC1qE8JGlQRuZxLBkk', 'Tectra Inc',	500.00,	'Money-Out',	'2021-11-16 07:00:00+00'),
  ('N1pL41GPeEhQPzJbonjytjvk8neJ1pCydvKWX', 'pVj6rVzAJBI73km8RbpXfMRPMVAGk5CL8zWAl', '3g6Z8gqJWRFg41q38GMAC1qE8JGlQRuZxLBkk', 'Madison Bicycle Shop',	500.00,	'Money-Out',	'2021-11-15 07:00:00+00'),
  ('PpgLPpq7ylh4M3mynekWTk8vAK1DypIoaDv7Q', 'pVj6rVzAJBI73km8RbpXfMRPMVAGk5CL8zWAl', '3g6Z8gqJWRFg41q38GMAC1qE8JGlQRuZxLBkk', 'KFC',	500.00,	'Money-Out',	'2021-11-15 07:00:00+00'),
  ('jVxRDVA7eWIED7nvbdlwfr7GlN645Ac6d5A1G', 'pVj6rVzAJBI73km8RbpXfMRPMVAGk5CL8zWAl', '3g6Z8gqJWRFg41q38GMAC1qE8JGlQRuZxLBkk', 'AUTOMATIC PAYMENT - THANK',	2078.50,	'Money-Out',	'2021-11-15 07:00:00+00'),
  ('7AwgGABXJKI37An485jDflnag4MZ1BudPWpgj', 'pVj6rVzAJBI73km8RbpXfMRPMVAGk5CL8zWAl', '3g6Z8gqJWRFg41q38GMAC1qE8JGlQRuZxLBkk', 'Touchstone Climbing',	78.50,	'Money-Out',	'2021-11-04 07:00:00+00'),
  ('eVKR9VowqpIedPDVongZfgprykPRL5UrQNkLJ', 'pVj6rVzAJBI73km8RbpXfMRPMVAGk5CL8zWAl', '3g6Z8gqJWRFg41q38GMAC1qE8JGlQRuZxLBkk', 'United Airlines',	500.00,	'Money-Out',	'2021-10-22 07:00:00+00'),
  ('Qo8RjoKZeqHKAx6XngMRiM83qr1pzxswXxepj', 'pVj6rVzAJBI73km8RbpXfMRPMVAGk5CL8zWAl', '3g6Z8gqJWRFg41q38GMAC1qE8JGlQRuZxLBkk', 'Tectra Inc',	500.00,	'Money-Out',	'2021-10-17 07:00:00+00'),
  ('ZV9koVNBx4I8AQZVnE76i7vd4P3eozsep5lgW', 'pVj6rVzAJBI73km8RbpXfMRPMVAGk5CL8zWAl', '3g6Z8gqJWRFg41q38GMAC1qE8JGlQRuZxLBkk', 'Madison Bicycle Shop',	500.00,	'Money-Out',	'2021-10-16 07:00:00+00'),
  ('MMLnaMAP18hENrXwpklQfldyPVLXkpuLvBy9G', 'pVj6rVzAJBI73km8RbpXfMRPMVAGk5CL8zWAl', '3g6Z8gqJWRFg41q38GMAC1qE8JGlQRuZxLBkk', 'KFC',	500.00,	'Money-Out',	'2021-10-16 07:00:00+00'),
  ('1pvAopGWeRhGXoNzQlZEFJkAbv8VMWupRgo5v', 'pVj6rVzAJBI73km8RbpXfMRPMVAGk5CL8zWAl', '3g6Z8gqJWRFg41q38GMAC1qE8JGlQRuZxLBkk', 'AUTOMATIC PAYMENT - THANK',	2078.50,	'Money-Out',	'2021-10-16 07:00:00+00'),
  ('LZ1AdZWPRkIJMK6GLZQzhQnawZX64KIkMbaPv', 'pVj6rVzAJBI73km8RbpXfMRPMVAGk5CL8zWAl', '3g6Z8gqJWRFg41q38GMAC1qE8JGlQRuZxLBkk', 'Touchstone Climbing',	78.50,	'Money-Out',	'2021-10-05 07:00:00+00'),
  ('pVj6rVzAJBI73km8RbpXfMRyP8jJAVspG4nL7', 'pVj6rVzAJBI73km8RbpXfMRPMVAGk5CL8zWAl', '3g6Z8gqJWRFg41q38GMAC1qE8JGlQRuZxLBkk', 'United Airlines',	500.00,	'Money-Out',	'2021-09-22 07:00:00+00'),
  ('oVP6KVryRzIzBk78bLXgtemjRqKzo6ioDayRW', 'pVj6rVzAJBI73km8RbpXfMRPMVAGk5CL8zWAl', '3g6Z8gqJWRFg41q38GMAC1qE8JGlQRuZxLBkk', 'Tectra Inc',	500.00,	'Money-Out',	'2021-09-17 07:00:00+00'),
  ('gVzDRV87rgI34N6VwGx7fxNGaMw5qntEBb1gA', 'pVj6rVzAJBI73km8RbpXfMRPMVAGk5CL8zWAl', '3g6Z8gqJWRFg41q38GMAC1qE8JGlQRuZxLBkk', 'Madison Bicycle Shop',	500.00,	'Money-Out',	'2021-09-16 07:00:00+00'),
  ('8G5onG3ZxrcpGr5NlZ31uLPb7gazxniW6Amwd', 'pVj6rVzAJBI73km8RbpXfMRPMVAGk5CL8zWAl', '3g6Z8gqJWRFg41q38GMAC1qE8JGlQRuZxLBkk', 'KFC',	500.00,	'Money-Out',	'2021-09-16 07:00:00+00'),
  ('E4PLq413zQHlNGMajJR1IRDa34XobWi47wl4o', 'pVj6rVzAJBI73km8RbpXfMRPMVAGk5CL8zWAl', '3g6Z8gqJWRFg41q38GMAC1qE8JGlQRuZxLBkk', 'AUTOMATIC PAYMENT - THANK',	2078.50,	'Money-Out',	'2021-09-16 07:00:00+00'),
  ('WGbB1GdkoxcgA6mXdJ9VC9vKxJR84Gi68rE6n', 'pVj6rVzAJBI73km8RbpXfMRPMVAGk5CL8zWAl', '3g6Z8gqJWRFg41q38GMAC1qE8JGlQRuZxLBkk', 'Touchstone Climbing',	78.50,	'Money-Out',	'2021-09-05 07:00:00+00'),
  ('A3doD3eKlPFV7AMlaERkcn3QoxMDRWi9D7P9z', 'pVj6rVzAJBI73km8RbpXfMRPMVAGk5CL8zWAl', '3g6Z8gqJWRFg41q38GMAC1qE8JGlQRuZxLBkk', 'United Airlines',	500.00,	'Money-Out',	'2021-08-23 07:00:00+00');
